Ano,Mês,SG_UF_NOT,Quantidade de Casos
2013,12,11,48
2013,12,12,37
2013,12,13,56
2013,12,14,12
2013,12,15,34
2013,12,16,3
2013,12,17,80
2013,12,22,3
2013,12,23,66
2013,12,24,32
2013,12,25,20
2013,12,26,52
2013,12,27,41
2013,12,28,5
2013,12,29,37
2013,12,31,269
2013,12,32,151
2013,12,33,80
2013,12,35,317
2013,12,41,246
2013,12,42,4
2013,12,43,7
2013,12,50,74
2013,12,51,93
2013,12,52,359
2013,12,53,28
2014,1,11,479
2014,1,12,521
2014,1,13,1537
2014,1,14,169
2014,1,15,1085
2014,1,16,34
2014,1,17,1655
2014,1,21,138
2014,1,22,349
2014,1,23,2097
2014,1,24,562
2014,1,25,535
2014,1,26,829
2014,1,27,860
2014,1,28,110
2014,1,29,1429
2014,1,31,8223
2014,1,32,3634
2014,1,33,2681
2014,1,35,8622
2014,1,41,4316
2014,1,42,70
2014,1,43,139
2014,1,50,1149
2014,1,51,1572
2014,1,52,10592
2014,1,53,1110
2014,2,11,704
2014,2,12,662
2014,2,13,1490
2014,2,14,129
2014,2,15,1301
2014,2,16,46
2014,2,17,1590
2014,2,21,326
2014,2,22,431
2014,2,23,3071
2014,2,24,1107
2014,2,25,601
2014,2,26,1101
2014,2,27,820
2014,2,28,146
2014,2,29,1795
2014,2,31,13104
2014,2,32,3156
2014,2,33,1932
2014,2,35,19518
2014,2,41,6029
2014,2,42,62
2014,2,43,152
2014,2,50,1479
2014,2,51,1845
2014,2,52,15487
2014,2,53,2158
2014,3,11,783
2014,3,12,1129
2014,3,13,1666
2014,3,14,129
2014,3,15,1283
2014,3,16,66
2014,3,17,1458
2014,3,21,473
2014,3,22,469
2014,3,23,3015
2014,3,24,1102
2014,3,25,716
2014,3,26,1508
2014,3,27,1067
2014,3,28,232
2014,3,29,2465
2014,3,31,16136
2014,3,32,2959
2014,3,33,1663
2014,3,35,46080
2014,3,41,9555
2014,3,42,57
2014,3,43,109
2014,3,50,1268
2014,3,51,1929
2014,3,52,16922
2014,3,53,2148
2014,4,11,691
2014,4,12,988
2014,4,13,1761
2014,4,14,116
2014,4,15,1237
2014,4,16,279
2014,4,17,1199
2014,4,21,560
2014,4,22,1200
2014,4,23,4615
2014,4,24,1739
2014,4,25,1034
2014,4,26,2627
2014,4,27,1325
2014,4,28,433
2014,4,29,4646
2014,4,31,21860
2014,4,32,3351
2014,4,33,1553
2014,4,35,125274
2014,4,41,12450
2014,4,42,105
2014,4,43,81
2014,4,50,1358
2014,4,51,1860
2014,4,52,22240
2014,4,53,3969
2014,5,11,480
2014,5,12,1065
2014,5,13,1039
2014,5,14,150
2014,5,15,1117
2014,5,16,572
2014,5,17,1211
2014,5,21,542
2014,5,22,2372
2014,5,23,6363
2014,5,24,2817
2014,5,25,1397
2014,5,26,3557
2014,5,27,2211
2014,5,28,908
2014,5,29,4246
2014,5,31,15183
2014,5,32,3276
2014,5,33,1571
2014,5,35,97607
2014,5,41,9749
2014,5,42,86
2014,5,43,73
2014,5,50,1025
2014,5,51,1145
2014,5,52,21573
2014,5,53,4693
2014,6,11,327
2014,6,12,894
2014,6,13,676
2014,6,14,197
2014,6,15,665
2014,6,16,240
2014,6,17,852
2014,6,21,295
2014,6,22,1840
2014,6,23,6145
2014,6,24,1690
2014,6,25,1012
2014,6,26,2757
2014,6,27,2490
2014,6,28,626
2014,6,29,2618
2014,6,31,7101
2014,6,32,2537
2014,6,33,1227
2014,6,35,32198
2014,6,41,3923
2014,6,42,37
2014,6,43,33
2014,6,50,602
2014,6,51,667
2014,6,52,11686
2014,6,53,2786
2014,7,11,195
2014,7,12,1030
2014,7,13,546
2014,7,14,209
2014,7,15,462
2014,7,16,126
2014,7,17,400
2014,7,21,291
2014,7,22,1540
2014,7,23,5797
2014,7,24,1439
2014,7,25,753
2014,7,26,1943
2014,7,27,2388
2014,7,28,548
2014,7,29,1903
2014,7,31,2620
2014,7,32,1864
2014,7,33,943
2014,7,35,13398
2014,7,41,2459
2014,7,42,43
2014,7,43,26
2014,7,50,438
2014,7,51,434
2014,7,52,5174
2014,7,53,1779
2014,8,11,168
2014,8,12,2139
2014,8,13,543
2014,8,14,246
2014,8,15,424
2014,8,16,72
2014,8,17,356
2014,8,21,279
2014,8,22,622
2014,8,23,3529
2014,8,24,933
2014,8,25,428
2014,8,26,1051
2014,8,27,1755
2014,8,28,283
2014,8,29,1440
2014,8,31,1565
2014,8,32,1224
2014,8,33,959
2014,8,35,7728
2014,8,41,1770
2014,8,42,51
2014,8,43,31
2014,8,50,349
2014,8,51,363
2014,8,52,3368
2014,8,53,513
2014,9,11,122
2014,9,12,7979
2014,9,13,470
2014,9,14,271
2014,9,15,488
2014,9,16,175
2014,9,17,280
2014,9,21,198
2014,9,22,404
2014,9,23,2409
2014,9,24,648
2014,9,25,339
2014,9,26,987
2014,9,27,1265
2014,9,28,263
2014,9,29,1252
2014,9,31,1675
2014,9,32,1143
2014,9,33,830
2014,9,35,7474
2014,9,41,1479
2014,9,42,38
2014,9,43,12
2014,9,50,299
2014,9,51,429
2014,9,52,2683
2014,9,53,244
2014,10,11,280
2014,10,12,9250
2014,10,13,331
2014,10,14,221
2014,10,15,564
2014,10,16,498
2014,10,17,384
2014,10,21,93
2014,10,22,271
2014,10,23,1729
2014,10,24,702
2014,10,25,305
2014,10,26,964
2014,10,27,1046
2014,10,28,197
2014,10,29,1281
2014,10,31,2014
2014,10,32,830
2014,10,33,954
2014,10,35,8682
2014,10,41,1516
2014,10,42,47
2014,10,43,30
2014,10,50,477
2014,10,51,478
2014,10,52,3407
2014,10,53,180
2014,11,11,545
2014,11,12,6605
2014,11,13,474
2014,11,14,190
2014,11,15,503
2014,11,16,350
2014,11,17,434
2014,11,21,122
2014,11,22,245
2014,11,23,1390
2014,11,24,647
2014,11,25,257
2014,11,26,1049
2014,11,27,680
2014,11,28,219
2014,11,29,982
2014,11,31,2275
2014,11,32,945
2014,11,33,605
2014,11,35,8179
2014,11,41,1547
2014,11,42,44
2014,11,43,50
2014,11,50,532
2014,11,51,496
2014,11,52,4070
2014,11,53,272
2014,12,11,385
2014,12,12,4537
2014,12,13,480
2014,12,14,185
2014,12,15,488
2014,12,16,146
2014,12,17,591
2014,12,21,239
2014,12,22,169
2014,12,23,1749
2014,12,24,713
2014,12,25,230
2014,12,26,1369
2014,12,27,522
2014,12,28,277
2014,12,29,850
2014,12,31,2189
2014,12,32,760
2014,12,33,797
2014,12,35,10356
2014,12,41,1463
2014,12,42,38
2014,12,43,47
2014,12,50,629
2014,12,51,641
2014,12,52,5043
2014,12,53,221
2015,1,11,525
2015,1,12,3735
2015,1,13,749
2015,1,14,230
2015,1,15,644
2015,1,16,419
2015,1,17,780
2015,1,21,536
2015,1,22,251
2015,1,23,2755
2015,1,24,1498
2015,1,25,378
2015,1,26,2951
2015,1,27,933
2015,1,28,525
2015,1,29,1377
2015,1,31,5667
2015,1,32,1222
2015,1,33,3720
2015,1,35,47993
2015,1,41,3128
2015,1,42,268
2015,1,43,97
2015,1,50,1945
2015,1,51,1023
2015,1,52,13279
2015,1,53,454
2015,2,11,630
2015,2,12,2284
2015,2,13,828
2015,2,14,180
2015,2,15,1357
2015,2,16,633
2015,2,17,1291
2015,2,21,758
2015,2,22,479
2015,2,23,4052
2015,2,24,2663
2015,2,25,726
2015,2,26,5447
2015,2,27,1533
2015,2,28,648
2015,2,29,3179
2015,2,31,10901
2015,2,32,999
2015,2,33,4859
2015,2,35,143143
2015,2,41,6421
2015,2,42,1882
2015,2,43,101
2015,2,50,3735
2015,2,51,1604
2015,2,52,22223
2015,2,53,837
2015,3,11,985
2015,3,12,2258
2015,3,13,1177
2015,3,14,164
2015,3,15,2901
2015,3,16,1066
2015,3,17,3167
2015,3,21,2811
2015,3,22,2358
2015,3,23,10528
2015,3,24,7772
2015,3,25,3245
2015,3,26,20501
2015,3,27,2100
2015,3,28,1682
2015,3,29,13350
2015,3,31,35003
2015,3,32,1781
2015,3,33,12913
2015,3,35,322982
2015,3,41,20536
2015,3,42,2813
2015,3,43,698
2015,3,50,6816
2015,3,51,3201
2015,3,52,37334
2015,3,53,1551
2015,4,11,884
2015,4,12,1731
2015,4,13,849
2015,4,14,195
2015,4,15,2223
2015,4,16,578
2015,4,17,3291
2015,4,21,2188
2015,4,22,3537
2015,4,23,18002
2015,4,24,8224
2015,4,25,5300
2015,4,26,30062
2015,4,27,3199
2015,4,28,2052
2015,4,29,15375
2015,4,31,71197
2015,4,32,3155
2015,4,33,17927
2015,4,35,270722
2015,4,41,27682
2015,4,42,2682
2015,4,43,1558
2015,4,50,8677
2015,4,51,4847
2015,4,52,36758
2015,4,53,2951
2015,5,11,583
2015,5,12,1219
2015,5,13,838
2015,5,14,208
2015,5,15,1968
2015,5,16,467
2015,5,17,2903
2015,5,21,1072
2015,5,22,2370
2015,5,23,26607
2015,5,24,3915
2015,5,25,7433
2015,5,26,26856
2015,5,27,4368
2015,5,28,1090
2015,5,29,12737
2015,5,31,72094
2015,5,32,5551
2015,5,33,18160
2015,5,35,134327
2015,5,41,14078
2015,5,42,1441
2015,5,43,761
2015,5,50,5755
2015,5,51,5498
2015,5,52,40608
2015,5,53,2987
2015,6,11,302
2015,6,12,596
2015,6,13,775
2015,6,14,303
2015,6,15,1320
2015,6,16,261
2015,6,17,1983
2015,6,21,493
2015,6,22,1060
2015,6,23,19980
2015,6,24,1397
2015,6,25,4369
2015,6,26,13805
2015,6,27,3925
2015,6,28,353
2015,6,29,7742
2015,6,31,24862
2015,6,32,4812
2015,6,33,10108
2015,6,35,35562
2015,6,41,5817
2015,6,42,588
2015,6,43,231
2015,6,50,2570
2015,6,51,3418
2015,6,52,20932
2015,6,53,1902
2015,7,11,181
2015,7,12,383
2015,7,13,534
2015,7,14,335
2015,7,15,897
2015,7,16,236
2015,7,17,956
2015,7,21,379
2015,7,22,377
2015,7,23,10705
2015,7,24,638
2015,7,25,2538
2015,7,26,7426
2015,7,27,3511
2015,7,28,266
2015,7,29,7378
2015,7,31,6693
2015,7,32,3882
2015,7,33,4745
2015,7,35,11823
2015,7,41,2683
2015,7,42,278
2015,7,43,89
2015,7,50,1025
2015,7,51,1806
2015,7,52,6993
2015,7,53,708
2015,8,11,144
2015,8,12,253
2015,8,13,412
2015,8,14,507
2015,8,15,1162
2015,8,16,205
2015,8,17,591
2015,8,21,232
2015,8,22,271
2015,8,23,6211
2015,8,24,455
2015,8,25,1146
2015,8,26,4268
2015,8,27,2060
2015,8,28,734
2015,8,29,4220
2015,8,31,2968
2015,8,32,3273
2015,8,33,3480
2015,8,35,7655
2015,8,41,2668
2015,8,42,183
2015,8,43,92
2015,8,50,748
2015,8,51,1342
2015,8,52,3599
2015,8,53,331
2015,9,11,126
2015,9,12,288
2015,9,13,401
2015,9,14,424
2015,9,15,1153
2015,9,16,196
2015,9,17,454
2015,9,21,164
2015,9,22,131
2015,9,23,2769
2015,9,24,271
2015,9,25,576
2015,9,26,5972
2015,9,27,1973
2015,9,28,1559
2015,9,29,3405
2015,9,31,2392
2015,9,32,3295
2015,9,33,2230
2015,9,35,7135
2015,9,41,2161
2015,9,42,220
2015,9,43,60
2015,9,50,749
2015,9,51,1109
2015,9,52,2183
2015,9,53,144
2015,10,11,243
2015,10,12,345
2015,10,13,391
2015,10,14,107
2015,10,15,879
2015,10,16,109
2015,10,17,441
2015,10,21,226
2015,10,22,108
2015,10,23,1558
2015,10,24,288
2015,10,25,285
2015,10,26,7517
2015,10,27,2770
2015,10,28,1543
2015,10,29,2272
2015,10,31,2733
2015,10,32,4293
2015,10,33,1944
2015,10,35,9986
2015,10,41,2359
2015,10,42,206
2015,10,43,65
2015,10,50,1198
2015,10,51,1206
2015,10,52,2809
2015,10,53,171
2015,11,11,378
2015,11,12,421
2015,11,13,280
2015,11,14,53
2015,11,15,947
2015,11,16,170
2015,11,17,829
2015,11,21,258
2015,11,22,107
2015,11,23,1199
2015,11,24,313
2015,11,25,486
2015,11,26,21146
2015,11,27,4291
2015,11,28,2490
2015,11,29,3092
2015,11,31,5936
2015,11,32,4734
2015,11,33,3290
2015,11,35,14256
2015,11,41,3225
2015,11,42,335
2015,11,43,90
2015,11,50,3982
2015,11,51,2032
2015,11,52,4635
2015,11,53,302
2015,12,11,916
2015,12,12,818
2015,12,13,602
2015,12,14,91
2015,12,15,1638
2015,12,16,94
2015,12,17,2469
2015,12,21,594
2015,12,22,194
2015,12,23,1520
2015,12,24,944
2015,12,25,3488
2015,12,26,26965
2015,12,27,3292
2015,12,28,1832
2015,12,29,5205
2015,12,31,17906
2015,12,32,8012
2015,12,33,9903
2015,12,35,27486
2015,12,41,7322
2015,12,42,615
2015,12,43,290
2015,12,50,10488
2015,12,51,5133
2015,12,52,9101
2015,12,53,643
2016,1,11,3002
2016,1,12,1517
2016,1,13,1441
2016,1,14,60
2016,1,15,2375
2016,1,16,148
2016,1,17,4338
2016,1,21,2308
2016,1,22,415
2016,1,23,2952
2016,1,24,3762
2016,1,25,5097
2016,1,26,30606
2016,1,27,4000
2016,1,28,1160
2016,1,29,8352
2016,1,31,64418
2016,1,32,12062
2016,1,33,20293
2016,1,35,67638
2016,1,41,17861
2016,1,42,1286
2016,1,43,653
2016,1,50,20651
2016,1,51,9069
2016,1,52,20480
2016,1,53,2265
2016,2,11,4019
2016,2,12,2599
2016,2,13,2518
2016,2,14,75
2016,2,15,4081
2016,2,16,421
2016,2,17,5730
2016,2,21,6009
2016,2,22,775
2016,2,23,6344
2016,2,24,17561
2016,2,25,8927
2016,2,26,36849
2016,2,27,4646
2016,2,28,2127
2016,2,29,24608
2016,2,31,160763
2016,2,32,13289
2016,2,33,21149
2016,2,35,109163
2016,2,41,31069
2016,2,42,3028
2016,2,43,1357
2016,2,50,18091
2016,2,51,10009
2016,2,52,36037
2016,2,53,6001
2016,3,11,3329
2016,3,12,1797
2016,3,13,2402
2016,3,14,132
2016,3,15,3827
2016,3,16,685
2016,3,17,3565
2016,3,21,7986
2016,3,22,975
2016,3,23,10831
2016,3,24,21847
2016,3,25,12189
2016,3,26,26018
2016,3,27,5208
2016,3,28,1490
2016,3,29,25728
2016,3,31,202922
2016,3,32,12443
2016,3,33,23237
2016,3,35,131765
2016,3,41,37914
2016,3,42,4768
2016,3,43,2473
2016,3,50,11856
2016,3,51,5641
2016,3,52,39075
2016,3,53,6802
2016,4,11,1875
2016,4,12,1194
2016,4,13,2802
2016,4,14,104
2016,4,15,3178
2016,4,16,541
2016,4,17,2096
2016,4,21,7262
2016,4,22,2427
2016,4,23,18432
2016,4,24,7812
2016,4,25,7943
2016,4,26,10097
2016,4,27,3559
2016,4,28,810
2016,4,29,11073
2016,4,31,154810
2016,4,32,8620
2016,4,33,24342
2016,4,35,81167
2016,4,41,28558
2016,4,42,2997
2016,4,43,2210
2016,4,50,6295
2016,4,51,2206
2016,4,52,26513
2016,4,53,4022
2016,5,11,887
2016,5,12,576
2016,5,13,1698
2016,5,14,106
2016,5,15,1785
2016,5,16,344
2016,5,17,1719
2016,5,21,3077
2016,5,22,1738
2016,5,23,23140
2016,5,24,5275
2016,5,25,5011
2016,5,26,5619
2016,5,27,2803
2016,5,28,319
2016,5,29,4963
2016,5,31,56112
2016,5,32,3158
2016,5,33,13037
2016,5,35,30579
2016,5,41,6544
2016,5,42,859
2016,5,43,673
2016,5,50,1812
2016,5,51,904
2016,5,52,13222
2016,5,53,2319
2016,6,11,392
2016,6,12,362
2016,6,13,1331
2016,6,14,168
2016,6,15,921
2016,6,16,251
2016,6,17,769
2016,6,21,1091
2016,6,22,982
2016,6,23,15461
2016,6,24,3181
2016,6,25,3103
2016,6,26,3388
2016,6,27,1635
2016,6,28,271
2016,6,29,2106
2016,6,31,11198
2016,6,32,964
2016,6,33,5061
2016,6,35,8266
2016,6,41,1623
2016,6,42,139
2016,6,43,93
2016,6,50,441
2016,6,51,398
2016,6,52,5396
2016,6,53,1099
2016,7,11,339
2016,7,12,192
2016,7,13,799
2016,7,14,409
2016,7,15,657
2016,7,16,228
2016,7,17,314
2016,7,21,767
2016,7,22,416
2016,7,23,8771
2016,7,24,1696
2016,7,25,1468
2016,7,26,2105
2016,7,27,1103
2016,7,28,256
2016,7,29,1224
2016,7,31,2684
2016,7,32,659
2016,7,33,2697
2016,7,35,4309
2016,7,41,1291
2016,7,42,131
2016,7,43,83
2016,7,50,217
2016,7,51,285
2016,7,52,2240
2016,7,53,471
2016,8,11,163
2016,8,12,162
2016,8,13,577
2016,8,14,453
2016,8,15,610
2016,8,16,354
2016,8,17,247
2016,8,21,609
2016,8,22,299
2016,8,23,5079
2016,8,24,969
2016,8,25,457
2016,8,26,1938
2016,8,27,768
2016,8,28,376
2016,8,29,963
2016,8,31,2035
2016,8,32,566
2016,8,33,1330
2016,8,35,3984
2016,8,41,1432
2016,8,42,150
2016,8,43,123
2016,8,50,252
2016,8,51,353
2016,8,52,1970
2016,8,53,234
2016,9,11,141
2016,9,12,121
2016,9,13,380
2016,9,14,187
2016,9,15,463
2016,9,16,205
2016,9,17,142
2016,9,21,203
2016,9,22,147
2016,9,23,2779
2016,9,24,456
2016,9,25,221
2016,9,26,1297
2016,9,27,425
2016,9,28,183
2016,9,29,787
2016,9,31,1855
2016,9,32,524
2016,9,33,812
2016,9,35,4391
2016,9,41,1588
2016,9,42,162
2016,9,43,71
2016,9,50,263
2016,9,51,335
2016,9,52,2131
2016,9,53,153
2016,10,11,158
2016,10,12,125
2016,10,13,338
2016,10,14,111
2016,10,15,438
2016,10,16,164
2016,10,17,190
2016,10,21,137
2016,10,22,121
2016,10,23,2194
2016,10,24,259
2016,10,25,336
2016,10,26,904
2016,10,27,251
2016,10,28,172
2016,10,29,1055
2016,10,31,2355
2016,10,32,518
2016,10,33,745
2016,10,35,6338
2016,10,41,2401
2016,10,42,171
2016,10,43,127
2016,10,50,269
2016,10,51,414
2016,10,52,2655
2016,10,53,170
2016,11,11,382
2016,11,12,223
2016,11,13,472
2016,11,14,73
2016,11,15,504
2016,11,16,137
2016,11,17,341
2016,11,21,214
2016,11,22,92
2016,11,23,2636
2016,11,24,262
2016,11,25,138
2016,11,26,873
2016,11,27,156
2016,11,28,152
2016,11,29,1172
2016,11,31,3102
2016,11,32,768
2016,11,33,1009
2016,11,35,8919
2016,11,41,3050
2016,11,42,274
2016,11,43,176
2016,11,50,311
2016,11,51,638
2016,11,52,3333
2016,11,53,209
2016,12,11,950
2016,12,12,379
2016,12,13,559
2016,12,14,68
2016,12,15,637
2016,12,16,75
2016,12,17,435
2016,12,21,230
2016,12,22,120
2016,12,23,1997
2016,12,24,310
2016,12,25,74
2016,12,26,714
2016,12,27,162
2016,12,28,207
2016,12,29,1409
2016,12,31,4661
2016,12,32,1422
2016,12,33,1511
2016,12,35,9112
2016,12,41,3077
2016,12,42,367
2016,12,43,298
2016,12,50,460
2016,12,51,955
2016,12,52,4333
2016,12,53,282
2017,1,11,1288
2017,1,12,834
2017,1,13,1247
2017,1,14,177
2017,1,15,2425
2017,1,16,186
2017,1,17,1312
2017,1,21,469
2017,1,22,241
2017,1,23,3796
2017,1,24,625
2017,1,25,186
2017,1,26,1000
2017,1,27,206
2017,1,28,175
2017,1,29,3033
2017,1,31,9962
2017,1,32,1986
2017,1,33,2531
2017,1,35,10185
2017,1,41,4382
2017,1,42,571
2017,1,43,476
2017,1,50,889
2017,1,51,1545
2017,1,52,7135
2017,1,53,408
2017,2,11,1218
2017,2,12,812
2017,2,13,1353
2017,2,14,288
2017,2,15,3396
2017,2,16,241
2017,2,17,2641
2017,2,21,1793
2017,2,22,319
2017,2,23,7717
2017,2,24,825
2017,2,25,304
2017,2,26,1143
2017,2,27,165
2017,2,28,112
2017,2,29,2214
2017,2,31,9612
2017,2,32,1341
2017,2,33,2185
2017,2,35,10735
2017,2,41,3373
2017,2,42,378
2017,2,43,238
2017,2,50,871
2017,2,51,1968
2017,2,52,8596
2017,2,53,469
2017,3,11,1448
2017,3,12,646
2017,3,13,1244
2017,3,14,528
2017,3,15,2535
2017,3,16,255
2017,3,17,2954
2017,3,21,2486
2017,3,22,751
2017,3,23,14685
2017,3,24,1404
2017,3,25,598
2017,3,26,1650
2017,3,27,310
2017,3,28,182
2017,3,29,2169
2017,3,31,11260
2017,3,32,2277
2017,3,33,2501
2017,3,35,12033
2017,3,41,3708
2017,3,42,344
2017,3,43,235
2017,3,50,957
2017,3,51,2449
2017,3,52,12724
2017,3,53,919
2017,4,11,570
2017,4,12,432
2017,4,13,965
2017,4,14,479
2017,4,15,1058
2017,4,16,107
2017,4,17,2207
2017,4,21,1270
2017,4,22,1001
2017,4,23,23061
2017,4,24,1180
2017,4,25,377
2017,4,26,1645
2017,4,27,403
2017,4,28,173
2017,4,29,1556
2017,4,31,7568
2017,4,32,1421
2017,4,33,1836
2017,4,35,8059
2017,4,41,2120
2017,4,42,261
2017,4,43,90
2017,4,50,679
2017,4,51,1811
2017,4,52,12452
2017,4,53,932
2017,5,11,405
2017,5,12,330
2017,5,13,678
2017,5,14,794
2017,5,15,1023
2017,5,16,156
2017,5,17,2462
2017,5,21,1148
2017,5,22,2085
2017,5,23,15932
2017,5,24,927
2017,5,25,334
2017,5,26,2604
2017,5,27,585
2017,5,28,211
2017,5,29,1644
2017,5,31,6220
2017,5,32,1203
2017,5,33,1905
2017,5,35,6070
2017,5,41,1610
2017,5,42,194
2017,5,43,93
2017,5,50,551
2017,5,51,1222
2017,5,52,14627
2017,5,53,1266
2017,6,11,282
2017,6,12,243
2017,6,13,447
2017,6,14,804
2017,6,15,532
2017,6,16,110
2017,6,17,1260
2017,6,21,558
2017,6,22,1710
2017,6,23,7329
2017,6,24,796
2017,6,25,443
2017,6,26,2455
2017,6,27,627
2017,6,28,116
2017,6,29,1142
2017,6,31,3346
2017,6,32,902
2017,6,33,1280
2017,6,35,3947
2017,6,41,944
2017,6,42,96
2017,6,43,54
2017,6,50,386
2017,6,51,726
2017,6,52,9750
2017,6,53,1101
2017,7,11,136
2017,7,12,171
2017,7,13,376
2017,7,14,825
2017,7,15,428
2017,7,16,84
2017,7,17,583
2017,7,21,362
2017,7,22,880
2017,7,23,3088
2017,7,24,653
2017,7,25,406
2017,7,26,1548
2017,7,27,359
2017,7,28,78
2017,7,29,912
2017,7,31,1459
2017,7,32,481
2017,7,33,953
2017,7,35,2498
2017,7,41,727
2017,7,42,89
2017,7,43,44
2017,7,50,226
2017,7,51,414
2017,7,52,3720
2017,7,53,303
2017,8,11,171
2017,8,12,175
2017,8,13,465
2017,8,14,394
2017,8,15,545
2017,8,16,67
2017,8,17,439
2017,8,21,267
2017,8,22,404
2017,8,23,1584
2017,8,24,854
2017,8,25,585
2017,8,26,1768
2017,8,27,260
2017,8,28,85
2017,8,29,735
2017,8,31,1540
2017,8,32,597
2017,8,33,716
2017,8,35,3071
2017,8,41,1082
2017,8,42,117
2017,8,43,45
2017,8,50,365
2017,8,51,417
2017,8,52,2285
2017,8,53,221
2017,9,11,134
2017,9,12,124
2017,9,13,434
2017,9,14,192
2017,9,15,382
2017,9,16,68
2017,9,17,220
2017,9,21,172
2017,9,22,274
2017,9,23,1576
2017,9,24,599
2017,9,25,323
2017,9,26,1288
2017,9,27,181
2017,9,28,68
2017,9,29,512
2017,9,31,1944
2017,9,32,473
2017,9,33,548
2017,9,35,5536
2017,9,41,1892
2017,9,42,118
2017,9,43,61
2017,9,50,523
2017,9,51,266
2017,9,52,1986
2017,9,53,220
2017,10,11,171
2017,10,12,231
2017,10,13,440
2017,10,14,151
2017,10,15,407
2017,10,16,96
2017,10,17,178
2017,10,21,122
2017,10,22,136
2017,10,23,1158
2017,10,24,614
2017,10,25,379
2017,10,26,1099
2017,10,27,196
2017,10,28,59
2017,10,29,610
2017,10,31,2517
2017,10,32,503
2017,10,33,684
2017,10,35,8054
2017,10,41,2182
2017,10,42,130
2017,10,43,76
2017,10,50,536
2017,10,51,307
2017,10,52,2722
2017,10,53,221
2017,11,11,247
2017,11,12,460
2017,11,13,323
2017,11,14,138
2017,11,15,426
2017,11,16,53
2017,11,17,289
2017,11,21,147
2017,11,22,98
2017,11,23,862
2017,11,24,558
2017,11,25,335
2017,11,26,918
2017,11,27,161
2017,11,28,64
2017,11,29,479
2017,11,31,2602
2017,11,32,482
2017,11,33,759
2017,11,35,6979
2017,11,41,2437
2017,11,42,138
2017,11,43,85
2017,11,50,608
2017,11,51,455
2017,11,52,2580
2017,11,53,200
2017,12,11,291
2017,12,12,825
2017,12,13,339
2017,12,14,81
2017,12,15,365
2017,12,16,46
2017,12,17,337
2017,12,21,154
2017,12,22,145
2017,12,23,574
2017,12,24,480
2017,12,25,269
2017,12,26,956
2017,12,27,161
2017,12,28,24
2017,12,29,462
2017,12,31,3506
2017,12,32,680
2017,12,33,1032
2017,12,35,6828
2017,12,41,2501
2017,12,42,179
2017,12,43,113
2017,12,50,630
2017,12,51,713
2017,12,52,2624
2017,12,53,232
2018,1,11,377
2018,1,12,1250
2018,1,13,608
2018,1,14,107
2018,1,15,849
2018,1,16,104
2018,1,17,572
2018,1,21,246
2018,1,22,269
2018,1,23,1038
2018,1,24,642
2018,1,25,411
2018,1,26,1191
2018,1,27,234
2018,1,28,30
2018,1,29,977
2018,1,31,5638
2018,1,32,887
2018,1,33,2128
2018,1,35,9659
2018,1,41,2831
2018,1,42,275
2018,1,43,191
2018,1,50,850
2018,1,51,1607
2018,1,52,9290
2018,1,53,342
2018,2,11,278
2018,2,12,945
2018,2,13,509
2018,2,14,88
2018,2,15,1260
2018,2,16,143
2018,2,17,567
2018,2,21,253
2018,2,22,242
2018,2,23,1506
2018,2,24,985
2018,2,25,440
2018,2,26,1264
2018,2,27,176
2018,2,28,29
2018,2,29,964
2018,2,31,5426
2018,2,32,801
2018,2,33,2412
2018,2,35,8779
2018,2,41,2162
2018,2,42,227
2018,2,43,117
2018,2,50,626
2018,2,51,1631
2018,2,52,12784
2018,2,53,300
2018,3,11,205
2018,3,12,967
2018,3,13,579
2018,3,14,114
2018,3,15,1977
2018,3,16,222
2018,3,17,708
2018,3,21,300
2018,3,22,367
2018,3,23,2292
2018,3,24,2389
2018,3,25,684
2018,3,26,2058
2018,3,27,203
2018,3,28,30
2018,3,29,1580
2018,3,31,7890
2018,3,32,1461
2018,3,33,4437
2018,3,35,9206
2018,3,41,1984
2018,3,42,173
2018,3,43,98
2018,3,50,741
2018,3,51,1612
2018,3,52,17787
2018,3,53,458
2018,4,11,274
2018,4,12,1022
2018,4,13,586
2018,4,14,108
2018,4,15,1606
2018,4,16,253
2018,4,17,1208
2018,4,21,473
2018,4,22,274
2018,4,23,3448
2018,4,24,4826
2018,4,25,2164
2018,4,26,4036
2018,4,27,259
2018,4,28,40
2018,4,29,2257
2018,4,31,11661
2018,4,32,2118
2018,4,33,4718
2018,4,35,8239
2018,4,41,2097
2018,4,42,253
2018,4,43,86
2018,4,50,612
2018,4,51,1376
2018,4,52,19817
2018,4,53,608
2018,5,11,239
2018,5,12,904
2018,5,13,442
2018,5,14,166
2018,5,15,1231
2018,5,16,143
2018,5,17,1037
2018,5,21,761
2018,5,22,453
2018,5,23,1781
2018,5,24,5438
2018,5,25,3043
2018,5,26,3697
2018,5,27,372
2018,5,28,94
2018,5,29,2292
2018,5,31,7876
2018,5,32,2330
2018,5,33,3641
2018,5,35,7250
2018,5,41,1348
2018,5,42,211
2018,5,43,76
2018,5,50,632
2018,5,51,1087
2018,5,52,18490
2018,5,53,445
2018,6,11,95
2018,6,12,558
2018,6,13,369
2018,6,14,126
2018,6,15,825
2018,6,16,86
2018,6,17,465
2018,6,21,187
2018,6,22,358
2018,6,23,1227
2018,6,24,4268
2018,6,25,2145
2018,6,26,2371
2018,6,27,391
2018,6,28,70
2018,6,29,1304
2018,6,31,3847
2018,6,32,2105
2018,6,33,1912
2018,6,35,4517
2018,6,41,769
2018,6,42,92
2018,6,43,36
2018,6,50,340
2018,6,51,581
2018,6,52,8571
2018,6,53,305
2018,7,11,112
2018,7,12,473
2018,7,13,398
2018,7,14,184
2018,7,15,462
2018,7,16,69
2018,7,17,252
2018,7,21,102
2018,7,22,275
2018,7,23,1105
2018,7,24,4101
2018,7,25,1384
2018,7,26,1982
2018,7,27,287
2018,7,28,44
2018,7,29,831
2018,7,31,2083
2018,7,32,1740
2018,7,33,1542
2018,7,35,3287
2018,7,41,877
2018,7,42,67
2018,7,43,27
2018,7,50,323
2018,7,51,347
2018,7,52,3602
2018,7,53,225
2018,8,11,94
2018,8,12,499
2018,8,13,388
2018,8,14,201
2018,8,15,604
2018,8,16,92
2018,8,17,214
2018,8,21,131
2018,8,22,183
2018,8,23,900
2018,8,24,2998
2018,8,25,937
2018,8,26,1846
2018,8,27,285
2018,8,28,39
2018,8,29,879
2018,8,31,1651
2018,8,32,1375
2018,8,33,921
2018,8,35,2934
2018,8,41,619
2018,8,42,54
2018,8,43,35
2018,8,50,245
2018,8,51,264
2018,8,52,2851
2018,8,53,162
2018,9,11,57
2018,9,12,664
2018,9,13,238
2018,9,14,110
2018,9,15,320
2018,9,16,78
2018,9,17,194
2018,9,21,81
2018,9,22,122
2018,9,23,580
2018,9,24,1795
2018,9,25,380
2018,9,26,1216
2018,9,27,183
2018,9,28,30
2018,9,29,603
2018,9,31,1550
2018,9,32,816
2018,9,33,552
2018,9,35,2977
2018,9,41,770
2018,9,42,65
2018,9,43,19
2018,9,50,223
2018,9,51,198
2018,9,52,2386
2018,9,53,199
2018,10,11,80
2018,10,12,1632
2018,10,13,229
2018,10,14,103
2018,10,15,213
2018,10,16,114
2018,10,17,333
2018,10,21,78
2018,10,22,82
2018,10,23,512
2018,10,24,1100
2018,10,25,370
2018,10,26,1526
2018,10,27,187
2018,10,28,58
2018,10,29,828
2018,10,31,2354
2018,10,32,916
2018,10,33,675
2018,10,35,4502
2018,10,41,1246
2018,10,42,89
2018,10,43,40
2018,10,50,416
2018,10,51,243
2018,10,52,3472
2018,10,53,256
2018,11,11,96
2018,11,12,2207
2018,11,13,176
2018,11,14,95
2018,11,15,290
2018,11,16,69
2018,11,17,769
2018,11,21,78
2018,11,22,81
2018,11,23,394
2018,11,24,936
2018,11,25,314
2018,11,26,1225
2018,11,27,189
2018,11,28,49
2018,11,29,838
2018,11,31,3274
2018,11,32,1026
2018,11,33,817
2018,11,35,5900
2018,11,41,1497
2018,11,42,161
2018,11,43,49
2018,11,50,1333
2018,11,51,443
2018,11,52,4889
2018,11,53,320
2018,12,11,91
2018,12,12,1896
2018,12,13,165
2018,12,14,122
2018,12,15,417
2018,12,16,49
2018,12,17,1919
2018,12,21,55
2018,12,22,107
2018,12,23,417
2018,12,24,747
2018,12,25,263
2018,12,26,1127
2018,12,27,208
2018,12,28,28
2018,12,29,822
2018,12,31,6120
2018,12,32,1810
2018,12,33,1260
2018,12,35,9739
2018,12,41,1780
2018,12,42,169
2018,12,43,39
2018,12,50,4369
2018,12,51,764
2018,12,52,6367
2018,12,53,521
2019,1,11,123
2019,1,12,2466
2019,1,13,433
2019,1,14,170
2019,1,15,943
2019,1,16,79
2019,1,17,5474
2019,1,21,332
2019,1,22,238
2019,1,23,919
2019,1,24,831
2019,1,25,406
2019,1,26,1480
2019,1,27,410
2019,1,28,60
2019,1,29,2993
2019,1,31,21159
2019,1,32,4210
2019,1,33,2381
2019,1,35,31724
2019,1,41,3067
2019,1,42,259
2019,1,43,125
2019,1,50,4726
2019,1,51,1199
2019,1,52,11406
2019,1,53,969
2019,2,11,131
2019,2,12,1994
2019,2,13,514
2019,2,14,187
2019,2,15,1328
2019,2,16,85
2019,2,17,6741
2019,2,21,469
2019,2,22,328
2019,2,23,1667
2019,2,24,916
2019,2,25,647
2019,2,26,2782
2019,2,27,568
2019,2,28,55
2019,2,29,5870
2019,2,31,43831
2019,2,32,5158
2019,2,33,2358
2019,2,35,70404
2019,2,41,5523
2019,2,42,403
2019,2,43,132
2019,2,50,9410
2019,2,51,1391
2019,2,52,15393
2019,2,53,2462
2019,3,11,205
2019,3,12,1504
2019,3,13,387
2019,3,14,230
2019,3,15,1270
2019,3,16,148
2019,3,17,5972
2019,3,21,840
2019,3,22,735
2019,3,23,2934
2019,3,24,1770
2019,3,25,1187
2019,3,26,3686
2019,3,27,1037
2019,3,28,157
2019,3,29,6965
2019,3,31,89406
2019,3,32,8082
2019,3,33,4859
2019,3,35,105923
2019,3,41,11457
2019,3,42,837
2019,3,43,250
2019,3,50,20858
2019,3,51,1668
2019,3,52,20830
2019,3,53,5086
2019,4,11,275
2019,4,12,933
2019,4,13,419
2019,4,14,207
2019,4,15,1277
2019,4,16,153
2019,4,17,5221
2019,4,21,1294
2019,4,22,1718
2019,4,23,6399
2019,4,24,5074
2019,4,25,2610
2019,4,26,7816
2019,4,27,2038
2019,4,28,382
2019,4,29,10512
2019,4,31,178518
2019,4,32,11248
2019,4,33,11400
2019,4,35,171187
2019,4,41,21893
2019,4,42,1524
2019,4,43,873
2019,4,50,20696
2019,4,51,2590
2019,4,52,28684
2019,4,53,8224
2019,5,11,285
2019,5,12,694
2019,5,13,394
2019,5,14,180
2019,5,15,1080
2019,5,16,82
2019,5,17,3558
2019,5,21,1347
2019,5,22,2703
2019,5,23,6322
2019,5,24,7852
2019,5,25,4084
2019,5,26,14812
2019,5,27,4489
2019,5,28,1112
2019,5,29,17895
2019,5,31,192650
2019,5,32,15621
2019,5,33,15202
2019,5,35,182583
2019,5,41,27162
2019,5,42,1858
2019,5,43,1419
2019,5,50,15293
2019,5,51,3268
2019,5,52,32111
2019,5,53,12776
2019,6,11,202
2019,6,12,405
2019,6,13,356
2019,6,14,153
2019,6,15,533
2019,6,16,68
2019,6,17,1188
2019,6,21,897
2019,6,22,1766
2019,6,23,4721
2019,6,24,7024
2019,6,25,3006
2019,6,26,9434
2019,6,27,5194
2019,6,28,1653
2019,6,29,12430
2019,6,31,57896
2019,6,32,14727
2019,6,33,6802
2019,6,35,69464
2019,6,41,12454
2019,6,42,1056
2019,6,43,610
2019,6,50,6469
2019,6,51,1968
2019,6,52,17271
2019,6,53,10287
2019,7,11,240
2019,7,12,355
2019,7,13,337
2019,7,14,249
2019,7,15,394
2019,7,16,37
2019,7,17,361
2019,7,21,542
2019,7,22,1246
2019,7,23,3488
2019,7,24,6182
2019,7,25,3057
2019,7,26,7119
2019,7,27,5345
2019,7,28,2986
2019,7,29,9535
2019,7,31,13751
2019,7,32,10055
2019,7,33,3111
2019,7,35,25592
2019,7,41,5207
2019,7,42,380
2019,7,43,211
2019,7,50,2077
2019,7,51,1100
2019,7,52,7020
2019,7,53,2437
2019,8,11,164
2019,8,12,340
2019,8,13,251
2019,8,14,385
2019,8,15,393
2019,8,16,52
2019,8,17,231
2019,8,21,286
2019,8,22,458
2019,8,23,2612
2019,8,24,4536
2019,8,25,2583
2019,8,26,5163
2019,8,27,3745
2019,8,28,2427
2019,8,29,6085
2019,8,31,4184
2019,8,32,3909
2019,8,33,1340
2019,8,35,11717
2019,8,41,2766
2019,8,42,245
2019,8,43,130
2019,8,50,900
2019,8,51,684
2019,8,52,3886
2019,8,53,851
2019,9,11,95
2019,9,12,378
2019,9,13,289
2019,9,14,396
2019,9,15,539
2019,9,16,50
2019,9,17,171
2019,9,21,225
2019,9,22,222
2019,9,23,1630
2019,9,24,2724
2019,9,25,1410
2019,9,26,4483
2019,9,27,2019
2019,9,28,1344
2019,9,29,4281
2019,9,31,3910
2019,9,32,2262
2019,9,33,876
2019,9,35,10309
2019,9,41,2668
2019,9,42,200
2019,9,43,89
2019,9,50,658
2019,9,51,511
2019,9,52,3069
2019,9,53,659
2019,10,11,132
2019,10,12,1219
2019,10,13,893
2019,10,14,651
2019,10,15,455
2019,10,16,53
2019,10,17,324
2019,10,21,206
2019,10,22,129
2019,10,23,1012
2019,10,24,1488
2019,10,25,914
2019,10,26,3593
2019,10,27,1409
2019,10,28,772
2019,10,29,3308
2019,10,31,3679
2019,10,32,1771
2019,10,33,768
2019,10,35,11656
2019,10,41,3745
2019,10,42,246
2019,10,43,107
2019,10,50,726
2019,10,51,604
2019,10,52,3612
2019,10,53,856
2019,11,11,249
2019,11,12,3098
2019,11,13,1512
2019,11,14,761
2019,11,15,485
2019,11,16,63
2019,11,17,689
2019,11,21,138
2019,11,22,120
2019,11,23,891
2019,11,24,701
2019,11,25,577
2019,11,26,2320
2019,11,27,801
2019,11,28,417
2019,11,29,2704
2019,11,31,3386
2019,11,32,1733
2019,11,33,814
2019,11,35,12348
2019,11,41,5937
2019,11,42,245
2019,11,43,117
2019,11,50,1199
2019,11,51,921
2019,11,52,3704
2019,11,53,773
2019,12,11,378
2019,12,12,3829
2019,12,13,1955
2019,12,14,606
2019,12,15,376
2019,12,16,45
2019,12,17,971
2019,12,21,86
2019,12,22,106
2019,12,23,765
2019,12,24,769
2019,12,25,448
2019,12,26,1525
2019,12,27,378
2019,12,28,169
2019,12,29,2238
2019,12,31,4950
2019,12,32,2607
2019,12,33,967
2019,12,35,16266
2019,12,41,11632
2019,12,42,255
2019,12,43,123
2019,12,50,2251
2019,12,51,2186
2019,12,52,4171
2019,12,53,870
2020,1,11,607
2020,1,12,3956
2020,1,13,2132
2020,1,14,601
2020,1,15,1220
2020,1,16,42
2020,1,17,916
2020,1,21,486
2020,1,22,156
2020,1,23,1750
2020,1,24,1066
2020,1,25,616
2020,1,26,1814
2020,1,27,254
2020,1,28,149
2020,1,29,3683
2020,1,31,12889
2020,1,32,2721
2020,1,33,1811
2020,1,35,54898
2020,1,41,38089
2020,1,42,407
2020,1,43,193
2020,1,50,11973
2020,1,51,7443
2020,1,52,7939
2020,1,53,2802
2020,2,11,1001
2020,2,12,2117
2020,2,13,1304
2020,2,14,504
2020,2,15,1764
2020,2,16,36
2020,2,17,1034
2020,2,21,894
2020,2,22,210
2020,2,23,4194
2020,2,24,1601
2020,2,25,737
2020,2,26,2089
2020,2,27,218
2020,2,28,145
2020,2,29,7002
2020,2,31,21609
2020,2,32,2537
2020,2,33,1777
2020,2,35,97274
2020,2,41,90754
2020,2,42,795
2020,2,43,450
2020,2,50,21047
2020,2,51,9875
2020,2,52,11727
2020,2,53,6771
2020,3,11,1205
2020,3,12,957
2020,3,13,1347
2020,3,14,216
2020,3,15,1623
2020,3,16,25
2020,3,17,1029
2020,3,21,592
2020,3,22,366
2020,3,23,5787
2020,3,24,1861
2020,3,25,691
2020,3,26,2653
2020,3,27,218
2020,3,28,223
2020,3,29,12975
2020,3,31,29830
2020,3,32,2216
2020,3,33,1467
2020,3,35,85833
2020,3,41,103402
2020,3,42,2301
2020,3,43,1293
2020,3,50,18569
2020,3,51,8461
2020,3,52,15413
2020,3,53,12031
2020,4,11,987
2020,4,12,424
2020,4,13,833
2020,4,14,71
2020,4,15,850
2020,4,16,23
2020,4,17,558
2020,4,21,438
2020,4,22,374
2020,4,23,6383
2020,4,24,964
2020,4,25,662
2020,4,26,3434
2020,4,27,478
2020,4,28,178
2020,4,29,20909
2020,4,31,27354
2020,4,32,67
2020,4,33,862
2020,4,35,51399
2020,4,41,61538
2020,4,42,5509
2020,4,43,2294
2020,4,50,8840
2020,4,51,6027
2020,4,52,13670
2020,4,53,14213
2020,5,11,804
2020,5,12,1151
2020,5,13,683
2020,5,14,175
2020,5,15,593
2020,5,16,17
2020,5,17,472
2020,5,21,245
2020,5,22,662
2020,5,23,6082
2020,5,24,1515
2020,5,25,1076
2020,5,26,5610
2020,5,27,541
2020,5,28,393
2020,5,29,24885
2020,5,31,18983
2020,5,33,605
2020,5,35,33118
2020,5,41,28315
2020,5,42,6544
2020,5,43,1240
2020,5,50,4389
2020,5,51,5826
2020,5,52,10250
2020,5,53,12110
2020,6,11,567
2020,6,12,1107
2020,6,13,905
2020,6,14,161
2020,6,15,389
2020,6,16,12
2020,6,17,424
2020,6,21,163
2020,6,22,489
2020,6,23,5151
2020,6,24,1807
2020,6,25,1096
2020,6,26,5316
2020,6,27,552
2020,6,28,948
2020,6,29,18823
2020,6,31,10936
2020,6,33,395
2020,6,35,20477
2020,6,41,12559
2020,6,42,3835
2020,6,43,369
2020,6,50,2089
2020,6,51,4180
2020,6,52,8054
2020,6,53,6670
2020,7,11,496
2020,7,12,495
2020,7,13,593
2020,7,14,214
2020,7,15,214
2020,7,16,11
2020,7,17,413
2020,7,21,159
2020,7,22,279
2020,7,23,4622
2020,7,24,1671
2020,7,25,1241
2020,7,26,5216
2020,7,27,532
2020,7,28,1171
2020,7,29,9837
2020,7,31,6975
2020,7,33,372
2020,7,35,14430
2020,7,41,5150
2020,7,42,1615
2020,7,43,162
2020,7,50,1557
2020,7,51,2101
2020,7,52,5831
2020,7,53,2848
2020,8,11,231
2020,8,12,337
2020,8,13,346
2020,8,14,151
2020,8,15,187
2020,8,16,11
2020,8,17,219
2020,8,21,80
2020,8,22,132
2020,8,23,2836
2020,8,24,916
2020,8,25,844
2020,8,26,3506
2020,8,27,262
2020,8,28,864
2020,8,29,3372
2020,8,31,3974
2020,8,33,214
2020,8,35,8320
2020,8,41,2502
2020,8,42,504
2020,8,43,95
2020,8,50,1032
2020,8,51,922
2020,8,52,2850
2020,8,53,1418
2020,9,11,129
2020,9,12,286
2020,9,13,396
2020,9,14,105
2020,9,15,142
2020,9,16,11
2020,9,17,121
2020,9,21,67
2020,9,22,92
2020,9,23,1451
2020,9,24,497
2020,9,25,592
2020,9,26,2617
2020,9,27,195
2020,9,28,586
2020,9,29,1927
2020,9,31,3601
2020,9,33,273
2020,9,35,7920
2020,9,41,3270
2020,9,42,376
2020,9,43,63
2020,9,50,816
2020,9,51,641
2020,9,52,1827
2020,9,53,1462
2020,10,11,119
2020,10,12,385
2020,10,13,466
2020,10,14,74
2020,10,15,120
2020,10,16,20
2020,10,17,78
2020,10,21,42
2020,10,22,54
2020,10,23,949
2020,10,24,338
2020,10,25,436
2020,10,26,1933
2020,10,27,171
2020,10,28,329
2020,10,29,1413
2020,10,31,3291
2020,10,33,249
2020,10,35,7451
2020,10,41,3858
2020,10,42,353
2020,10,43,133
2020,10,50,615
2020,10,51,433
2020,10,52,1567
2020,10,53,1224
2020,11,11,156
2020,11,12,1031
2020,11,13,620
2020,11,14,35
2020,11,15,171
2020,11,16,9
2020,11,17,120
2020,11,21,29
2020,11,22,56
2020,11,23,878
2020,11,24,361
2020,11,25,311
2020,11,26,1484
2020,11,27,100
2020,11,28,161
2020,11,29,1241
2020,11,31,3822
2020,11,33,262
2020,11,35,7477
2020,11,41,4935
2020,11,42,434
2020,11,43,134
2020,11,50,1015
2020,11,51,552
2020,11,52,1708
2020,11,53,1148
2020,12,11,365
2020,12,12,2434
2020,12,13,881
2020,12,14,66
2020,12,15,215
2020,12,16,20
2020,12,17,209
2020,12,21,26
2020,12,22,53
2020,12,23,808
2020,12,24,297
2020,12,25,282
2020,12,26,1082
2020,12,27,118
2020,12,28,133
2020,12,29,1145
2020,12,31,4728
2020,12,33,236
2020,12,35,9297
2020,12,41,5508
2020,12,42,477
2020,12,43,116
2020,12,50,1198
2020,12,51,877
2020,12,52,2002
2020,12,53,1840
2021,1,11,445
2021,1,12,6676
2021,1,13,1040
2021,1,14,59
2021,1,15,420
2021,1,16,54
2021,1,17,249
2021,1,21,220
2021,1,22,81
2021,1,23,883
2021,1,24,302
2021,1,25,215
2021,1,26,981
2021,1,27,66
2021,1,28,86
2021,1,29,1751
2021,1,31,4978
2021,1,33,184
2021,1,35,14941
2021,1,41,6979
2021,1,42,533
2021,1,43,176
2021,1,50,1746
2021,1,51,1936
2021,1,52,3564
2021,1,53,1594
2021,2,11,534
2021,2,12,7880
2021,2,13,1763
2021,2,14,76
2021,2,15,716
2021,2,16,49
2021,2,17,372
2021,2,21,269
2021,2,22,184
2021,2,23,1753
2021,2,24,406
2021,2,25,424
2021,2,26,1825
2021,2,27,73
2021,2,28,153
2021,2,29,5631
2021,2,31,6519
2021,2,33,260
2021,2,35,35316
2021,2,41,10621
2021,2,42,979
2021,2,43,701
2021,2,50,4324
2021,2,51,3545
2021,2,52,6083
2021,2,53,1971
2021,3,11,548
2021,3,12,7202
2021,3,13,2885
2021,3,14,103
2021,3,15,1094
2021,3,16,97
2021,3,17,605
2021,3,21,225
2021,3,22,256
2021,3,23,2974
2021,3,24,388
2021,3,25,691
2021,3,26,2913
2021,3,27,131
2021,3,28,195
2021,3,29,7656
2021,3,31,10367
2021,3,33,731
2021,3,35,70890
2021,3,41,15000
2021,3,42,3422
2021,3,43,2495
2021,3,50,5798
2021,3,51,4036
2021,3,52,9226
2021,3,53,2917
2021,4,11,355
2021,4,12,2378
2021,4,13,2173
2021,4,14,135
2021,4,15,868
2021,4,16,63
2021,4,17,815
2021,4,21,143
2021,4,22,406
2021,4,23,5262
2021,4,24,518
2021,4,25,1081
2021,4,26,4221
2021,4,27,153
2021,4,28,175
2021,4,29,6874
2021,4,31,7390
2021,4,33,1135
2021,4,35,85023
2021,4,41,19700
2021,4,42,9084
2021,4,43,7050
2021,4,50,4964
2021,4,51,3885
2021,4,52,11411
2021,4,53,3565
2021,5,11,316
2021,5,12,1156
2021,5,13,1834
2021,5,14,172
2021,5,15,714
2021,5,16,67
2021,5,17,1097
2021,5,21,182
2021,5,22,609
2021,5,23,10895
2021,5,24,856
2021,5,25,1965
2021,5,26,10008
2021,5,27,309
2021,5,28,285
2021,5,29,5727
2021,5,31,5829
2021,5,33,810
2021,5,35,58148
2021,5,41,12973
2021,5,42,10651
2021,5,43,4216
2021,5,50,3013
2021,5,51,4315
2021,5,52,10781
2021,5,53,4177
2021,6,11,270
2021,6,12,615
2021,6,13,1404
2021,6,14,163
2021,6,15,560
2021,6,16,50
2021,6,17,1100
2021,6,21,132
2021,6,22,777
2021,6,23,15561
2021,6,24,1078
2021,6,25,3089
2021,6,26,12673
2021,6,27,917
2021,6,28,379
2021,6,29,2983
2021,6,31,3804
2021,6,33,682
2021,6,35,26291
2021,6,41,4828
2021,6,42,4556
2021,6,43,756
2021,6,50,1282
2021,6,51,3583
2021,6,52,7774
2021,6,53,3338
2021,7,11,161
2021,7,12,479
2021,7,13,1051
2021,7,14,151
2021,7,15,406
2021,7,16,65
2021,7,17,771
2021,7,21,77
2021,7,22,693
2021,7,23,13056
2021,7,24,897
2021,7,25,3807
2021,7,26,10292
2021,7,27,1865
2021,7,28,537
2021,7,29,1421
2021,7,31,1959
2021,7,33,432
2021,7,35,10840
2021,7,41,2408
2021,7,42,1692
2021,7,43,236
2021,7,50,617
2021,7,51,2079
2021,7,52,4334
2021,7,53,1594
2021,8,11,140
2021,8,12,444
2021,8,13,727
2021,8,14,124
2021,8,15,378
2021,8,16,200
2021,8,17,671
2021,8,21,81
2021,8,22,753
2021,8,23,7880
2021,8,24,819
2021,8,25,3045
2021,8,26,6326
2021,8,27,1979
2021,8,28,679
2021,8,29,773
2021,8,31,1734
2021,8,33,353
2021,8,35,8129
2021,8,41,2748
2021,8,42,1054
2021,8,43,146
2021,8,50,571
2021,8,51,1173
2021,8,52,2852
2021,8,53,909
2021,9,11,66
2021,9,12,395
2021,9,13,481
2021,9,14,87
2021,9,15,270
2021,9,16,140
2021,9,17,551
2021,9,21,74
2021,9,22,391
2021,9,23,3992
2021,9,24,569
2021,9,25,2474
2021,9,26,4424
2021,9,27,1663
2021,9,28,561
2021,9,29,576
2021,9,31,1848
2021,9,33,299
2021,9,35,8164
2021,9,41,3105
2021,9,42,682
2021,9,43,129
2021,9,50,609
2021,9,51,865
2021,9,52,2416
2021,9,53,782
2021,10,11,85
2021,10,12,645
2021,10,13,367
2021,10,14,46
2021,10,15,246
2021,10,16,102
2021,10,17,647
2021,10,21,49
2021,10,22,130
2021,10,23,2495
2021,10,24,482
2021,10,25,1864
2021,10,26,2882
2021,10,27,1163
2021,10,28,448
2021,10,29,525
2021,10,31,1693
2021,10,33,195
2021,10,35,7172
2021,10,41,2684
2021,10,42,638
2021,10,43,153
2021,10,50,607
2021,10,51,1173
2021,10,52,2674
2021,10,53,647
2021,11,11,360
2021,11,12,909
2021,11,13,501
2021,11,14,42
2021,11,15,767
2021,11,16,80
2021,11,17,2180
2021,11,21,72
2021,11,22,175
2021,11,23,2102
2021,11,24,528
2021,11,25,1766
2021,11,26,2158
2021,11,27,861
2021,11,28,516
2021,11,29,896
2021,11,31,2550
2021,11,33,217
2021,11,35,8719
2021,11,41,3054
2021,11,42,782
2021,11,43,174
2021,11,50,815
2021,11,51,2226
2021,11,52,5339
2021,11,53,1015
2021,12,11,742
2021,12,12,2007
2021,12,13,646
2021,12,14,29
2021,12,15,2300
2021,12,16,96
2021,12,17,8156
2021,12,21,203
2021,12,22,383
2021,12,23,2408
2021,12,24,544
2021,12,25,1554
2021,12,26,2414
2021,12,27,798
2021,12,28,527
2021,12,29,2015
2021,12,31,3841
2021,12,33,296
2021,12,35,15214
2021,12,41,3098
2021,12,42,1088
2021,12,43,226
2021,12,50,992
2021,12,51,5346
2021,12,52,17505
2021,12,53,2957
2022,1,11,1011
2022,1,12,713
2022,1,13,234
2022,1,14,2
2022,1,15,901
2022,1,16,14
2022,1,17,4190
2022,1,21,156
2022,1,22,398
2022,1,23,373
2022,1,24,198
2022,1,25,521
2022,1,26,303
2022,1,27,172
2022,1,28,26
2022,1,29,1325
2022,1,31,2535
2022,1,33,75
2022,1,35,6872
2022,1,41,521
2022,1,42,76
2022,1,43,152
2022,1,50,403
2022,1,51,3795
2022,1,52,15315
2022,1,53,3231
2022,2,11,1366
2022,2,12,494
2022,2,13,404
2022,2,14,1
2022,2,15,908
2022,2,16,39
2022,2,17,3747
2022,2,21,370
2022,2,22,1394
2022,2,23,979
2022,2,24,375
2022,2,25,1109
2022,2,26,669
2022,2,27,381
2022,2,28,39
2022,2,29,2507
2022,2,31,3811
2022,2,33,231
2022,2,35,13802
2022,2,41,2435
2022,2,42,824
2022,2,43,687
2022,2,50,723
2022,2,51,4421
2022,2,52,25455
2022,2,53,5962
2022,3,11,2015
2022,3,12,540
2022,3,13,579
2022,3,14,1
2022,3,15,904
2022,3,16,26
2022,3,17,2935
2022,3,21,918
2022,3,22,4313
2022,3,23,2773
2022,3,24,1734
2022,3,25,2582
2022,3,26,1502
2022,3,27,642
2022,3,28,103
2022,3,29,5957
2022,3,31,13045
2022,3,33,916
2022,3,35,60699
2022,3,41,29173
2022,3,42,16663
2022,3,43,17089
2022,3,50,2455
2022,3,51,6355
2022,3,52,43526
2022,3,53,12297
2022,4,11,2212
2022,4,12,357
2022,4,13,458
2022,4,14,3
2022,4,15,703
2022,4,16,32
2022,4,17,3132
2022,4,21,975
2022,4,22,10128
2022,4,23,5893
2022,4,24,5088
2022,4,25,3754
2022,4,26,2451
2022,4,27,2259
2022,4,28,311
2022,4,29,7965
2022,4,31,24524
2022,4,33,1695
2022,4,35,110685
2022,4,41,59058
2022,4,42,32037
2022,4,43,29105
2022,4,50,4897
2022,4,51,7885
2022,4,52,44409
2022,4,53,17613
2022,5,11,1674
2022,5,12,353
2022,5,13,387
2022,5,14,4
2022,5,15,704
2022,5,16,30
2022,5,17,2893
2022,5,21,1325
2022,5,22,7790
2022,5,23,10776
2022,5,24,10065
2022,5,25,6236
2022,5,26,3430
2022,5,27,7917
2022,5,28,755
2022,5,29,7587
2022,5,31,23054
2022,5,33,3085
2022,5,35,100220
2022,5,41,47238
2022,5,42,26667
2022,5,43,16696
2022,5,50,6023
2022,5,51,5764
2022,5,52,33255
2022,5,53,14388
2022,6,11,898
2022,6,12,173
2022,6,13,262
2022,6,14,7
2022,6,15,391
2022,6,16,19
2022,6,17,1587
2022,6,21,955
2022,6,22,4564
2022,6,23,9347
2022,6,24,10355
2022,6,25,5183
2022,6,26,2236
2022,6,27,8700
2022,6,28,1075
2022,6,29,3313
2022,6,31,7831
2022,6,33,1775
2022,6,35,27903
2022,6,41,9944
2022,6,42,6105
2022,6,43,2437
2022,6,50,2543
2022,6,51,2311
2022,6,52,13509
2022,6,53,6198
2022,7,11,657
2022,7,12,145
2022,7,13,203
2022,7,14,8
2022,7,15,276
2022,7,16,23
2022,7,17,744
2022,7,21,682
2022,7,22,1684
2022,7,23,4765
2022,7,24,6200
2022,7,25,3998
2022,7,26,1445
2022,7,27,6476
2022,7,28,1128
2022,7,29,1710
2022,7,31,2925
2022,7,33,924
2022,7,35,10918
2022,7,41,3716
2022,7,42,1579
2022,7,43,569
2022,7,50,1708
2022,7,51,1038
2022,7,52,7098
2022,7,53,2509
2022,8,11,437
2022,8,12,91
2022,8,13,165
2022,8,14,11
2022,8,15,174
2022,8,16,25
2022,8,17,453
2022,8,21,443
2022,8,22,736
2022,8,23,3821
2022,8,24,4481
2022,8,25,2458
2022,8,26,1500
2022,8,27,3750
2022,8,28,843
2022,8,29,1391
2022,8,31,1618
2022,8,33,624
2022,8,35,5863
2022,8,41,1233
2022,8,42,554
2022,8,43,209
2022,8,50,1092
2022,8,51,673
2022,8,52,5675
2022,8,53,1857
2022,9,11,379
2022,9,12,60
2022,9,13,430
2022,9,14,1
2022,9,15,157
2022,9,16,27
2022,9,17,250
2022,9,21,318
2022,9,22,261
2022,9,23,1853
2022,9,24,1888
2022,9,25,1514
2022,9,26,751
2022,9,27,1892
2022,9,28,388
2022,9,29,858
2022,9,31,1280
2022,9,33,379
2022,9,35,3082
2022,9,41,546
2022,9,42,286
2022,9,43,95
2022,9,50,836
2022,9,51,442
2022,9,52,4730
2022,9,53,2020
2022,10,11,427
2022,10,12,127
2022,10,13,973
2022,10,14,9
2022,10,15,183
2022,10,16,18
2022,10,17,209
2022,10,21,270
2022,10,22,84
2022,10,23,885
2022,10,24,783
2022,10,25,716
2022,10,26,684
2022,10,27,815
2022,10,28,260
2022,10,29,968
2022,10,31,1561
2022,10,33,454
2022,10,35,3017
2022,10,41,554
2022,10,42,198
2022,10,43,33
2022,10,50,1136
2022,10,51,487
2022,10,52,3887
2022,10,53,1910
2022,11,11,1020
2022,11,12,232
2022,11,13,627
2022,11,14,10
2022,11,15,276
2022,11,16,15
2022,11,17,355
2022,11,21,250
2022,11,22,231
2022,11,23,764
2022,11,24,674
2022,11,25,496
2022,11,26,652
2022,11,27,446
2022,11,28,162
2022,11,29,978
2022,11,31,2271
2022,11,33,458
2022,11,35,3398
2022,11,41,757
2022,11,42,92
2022,11,43,65
2022,11,50,2554
2022,11,51,956
2022,11,52,4491
2022,11,53,1710
2022,12,11,2164
2022,12,12,325
2022,12,13,640
2022,12,14,5
2022,12,15,341
2022,12,16,22
2022,12,17,460
2022,12,21,190
2022,12,22,115
2022,12,23,521
2022,12,24,344
2022,12,25,291
2022,12,26,495
2022,12,27,273
2022,12,28,166
2022,12,29,1197
2022,12,31,4645
2022,12,33,527
2022,12,35,4707
2022,12,41,1055
2022,12,42,207
2022,12,43,97
2022,12,50,1987
2022,12,51,1254
2022,12,52,5555
2022,12,53,3001
2023,1,11,2844
2023,1,12,562
2023,1,13,767
2023,1,14,6
2023,1,15,692
2023,1,16,63
2023,1,17,379
2023,1,21,328
2023,1,22,287
2023,1,23,646
2023,1,24,440
2023,1,25,404
2023,1,26,277
2023,1,27,225
2023,1,28,169
2023,1,29,3259
2023,1,31,14851
2023,1,33,1216
2023,1,35,13158
2023,1,41,2111
2023,1,42,290
2023,1,43,62
2023,1,50,2543
2023,1,51,2246
2023,1,52,5920
2023,1,53,2803
2023,2,11,2475
2023,2,12,793
2023,2,13,859
2023,2,14,11
2023,2,15,825
2023,2,16,68
2023,2,17,428
2023,2,21,649
2023,2,22,650
2023,2,23,1027
2023,2,24,477
2023,2,25,484
2023,2,26,439
2023,2,27,237
2023,2,28,229
2023,2,29,4934
2023,2,31,41472
2023,2,33,2799
2023,2,35,33877
2023,2,41,7409
2023,2,42,2050
2023,2,43,430
2023,2,50,5856
2023,2,51,3695
2023,2,52,7477
2023,2,53,3378
2023,3,11,2292
2023,3,12,1102
2023,3,13,602
2023,3,14,5
2023,3,15,1000
2023,3,16,85
2023,3,17,601
2023,3,21,1321
2023,3,22,1479
2023,3,23,2390
2023,3,24,790
2023,3,25,994
2023,3,26,1337
2023,3,27,390
2023,3,28,298
2023,3,29,5913
2023,3,31,91933
2023,3,33,6655
2023,3,35,83978
2023,3,41,37610
2023,3,42,18890
2023,3,43,4195
2023,3,50,11657
2023,3,51,5078
2023,3,52,10826
2023,3,53,4437
2023,4,11,1137
2023,4,12,744
2023,4,13,532
2023,4,14,6
2023,4,15,677
2023,4,16,57
2023,4,17,662
2023,4,21,779
2023,4,22,1538
2023,4,23,1999
2023,4,24,1720
2023,4,25,1372
2023,4,26,1212
2023,4,27,616
2023,4,28,272
2023,4,29,5423
2023,4,31,102134
2023,4,33,7657
2023,4,35,95963
2023,4,41,70577
2023,4,42,50349
2023,4,43,12756
2023,4,50,11670
2023,4,51,5403
2023,4,52,10249
2023,4,53,4272
2023,5,11,636
2023,5,12,472
2023,5,13,527
2023,5,14,11
2023,5,15,542
2023,5,16,42
2023,5,17,518
2023,5,21,570
2023,5,22,1500
2023,5,23,2854
2023,5,24,1208
2023,5,25,1058
2023,5,26,787
2023,5,27,595
2023,5,28,322
2023,5,29,6388
2023,5,31,74523
2023,5,33,7876
2023,5,35,63739
2023,5,41,53938
2023,5,42,44175
2023,5,43,13488
2023,5,50,8144
2023,5,51,4712
2023,5,52,9234
2023,5,53,4270
2023,6,11,326
2023,6,12,187
2023,6,13,300
2023,6,14,11
2023,6,15,429
2023,6,16,72
2023,6,17,235
2023,6,21,283
2023,6,22,850
2023,6,23,1822
2023,6,24,569
2023,6,25,675
2023,6,26,587
2023,6,27,540
2023,6,28,447
2023,6,29,5915
2023,6,31,22105
2023,6,33,5273
2023,6,35,16312
2023,6,41,14403
2023,6,42,15982
2023,6,43,4695
2023,6,50,2576
2023,6,51,2290
2023,6,52,4314
2023,6,53,2794
2023,7,11,191
2023,7,12,147
2023,7,13,432
2023,7,14,14
2023,7,15,276
2023,7,16,82
2023,7,17,104
2023,7,21,296
2023,7,22,525
2023,7,23,1303
2023,7,24,472
2023,7,25,456
2023,7,26,610
2023,7,27,545
2023,7,28,417
2023,7,29,5239
2023,7,31,6288
2023,7,33,2754
2023,7,35,4696
2023,7,41,3958
2023,7,42,5133
2023,7,43,1128
2023,7,50,1169
2023,7,51,1252
2023,7,52,2461
2023,7,53,1765
2023,8,11,155
2023,8,12,148
2023,8,13,272
2023,8,14,63
2023,8,15,362
2023,8,16,238
2023,8,17,76
2023,8,21,202
2023,8,22,271
2023,8,23,1169
2023,8,24,374
2023,8,25,364
2023,8,26,631
2023,8,27,447
2023,8,28,315
2023,8,29,3741
2023,8,31,3647
2023,8,33,2311
2023,8,35,3172
2023,8,41,2133
2023,8,42,1580
2023,8,43,362
2023,8,50,467
2023,8,51,816
2023,8,52,2719
2023,8,53,1920
2023,9,11,111
2023,9,12,133
2023,9,13,292
2023,9,14,55
2023,9,15,227
2023,9,16,255
2023,9,17,53
2023,9,21,116
2023,9,22,164
2023,9,23,489
2023,9,24,355
2023,9,25,339
2023,9,26,463
2023,9,27,338
2023,9,28,173
2023,9,29,2113
2023,9,31,3171
2023,9,33,1503
2023,9,35,2896
2023,9,41,1528
2023,9,42,693
2023,9,43,123
2023,9,50,245
2023,9,51,528
2023,9,52,3082
2023,9,53,1707
2023,10,11,219
2023,10,12,256
2023,10,13,294
2023,10,14,18
2023,10,15,223
2023,10,16,103
2023,10,17,45
2023,10,21,80
2023,10,22,117
2023,10,23,356
2023,10,24,416
2023,10,25,345
2023,10,26,542
2023,10,27,316
2023,10,28,157
2023,10,29,1602
2023,10,31,5179
2023,10,33,1783
2023,10,35,3753
2023,10,41,2134
2023,10,42,579
2023,10,43,293
2023,10,50,294
2023,10,51,641
2023,10,52,3395
2023,10,53,1427
2023,11,11,141
2023,11,12,783
2023,11,13,416
2023,11,14,9
2023,11,15,203
2023,11,16,79
2023,11,17,92
2023,11,21,105
2023,11,22,106
2023,11,23,236
2023,11,24,462
2023,11,25,360
2023,11,26,527
2023,11,27,297
2023,11,28,88
2023,11,29,1395
2023,11,31,12118
2023,11,33,3048
2023,11,35,5243
2023,11,41,3990
2023,11,42,628
2023,11,43,413
2023,11,50,260
2023,11,51,833
2023,11,52,4103
2023,11,53,2508
2023,12,11,173
2023,12,12,1863
2023,12,13,976
2023,12,14,15
2023,12,15,232
2023,12,16,76
2023,12,17,101
2023,12,21,70
2023,12,22,129
2023,12,23,190
2023,12,24,384
2023,12,25,346
2023,12,26,565
2023,12,27,226
2023,12,28,65
2023,12,29,1501
2023,12,31,28710
2023,12,33,7075
2023,12,35,10409
2023,12,41,9635
2023,12,42,1662
2023,12,43,731
2023,12,50,293
2023,12,51,1113
2023,12,52,6347
2023,12,53,10886
2024,1,11,456
2024,1,12,1970
2024,1,13,1895
2024,1,14,25
2024,1,15,1073
2024,1,16,703
2024,1,17,187
2024,1,21,221
2024,1,22,451
2024,1,23,372
2024,1,24,511
2024,1,25,349
2024,1,26,314
2024,1,27,278
2024,1,28,72
2024,1,29,4040
2024,1,31,128879
2024,1,33,24886
2024,1,35,49611
2024,1,41,35958
2024,1,42,4151
2024,1,43,3041
2024,1,50,1357
2024,1,51,3182
2024,1,52,20857
2024,1,53,48041
2024,2,11,1364
2024,2,12,737
2024,2,13,1911
2024,2,14,40
2024,2,15,3638
2024,2,16,1944
2024,2,17,524
2024,2,21,1566
2024,2,22,1912
2024,2,23,864
2024,2,24,1695
2024,2,25,1503
2024,2,26,1578
2024,2,27,1142
2024,2,28,245
2024,2,29,26827
2024,2,31,392409
2024,2,33,84747
2024,2,35,168760
2024,2,41,79023
2024,2,42,26578
2024,2,43,16202
2024,2,50,2881
2024,2,51,6456
2024,2,52,61402
2024,2,53,88490
2024,3,11,1899
2024,3,12,439
2024,3,13,1291
2024,3,14,33
2024,3,15,4638
2024,3,16,1947
2024,3,17,955
2024,3,21,3754
2024,3,22,3116
2024,3,23,1584
2024,3,24,4836
2024,3,25,3479
2024,3,26,4472
2024,3,27,2186
2024,3,28,353
2024,3,29,69517
2024,3,31,521733
2024,3,33,89062
2024,3,35,424738
2024,3,41,157878
2024,3,42,80823
2024,3,43,49584
2024,3,50,4568
2024,3,51,6807
2024,3,52,73299
2024,3,53,72592
2024,4,11,696
2024,4,12,352
2024,4,13,685
2024,4,14,28
2024,4,15,3856
2024,4,16,1396
2024,4,17,1188
2024,4,21,3062
2024,4,22,3197
2024,4,23,3259
2024,4,24,3608
2024,4,25,2882
2024,4,26,4804
2024,4,27,2290
2024,4,28,357
2024,4,29,72564
2024,4,31,373394
2024,4,33,50024
2024,4,35,618462
2024,4,41,187801
2024,4,42,123357
2024,4,43,87761
2024,4,50,4509
2024,4,51,8292
2024,4,52,76493
2024,4,53,38984
2024,5,11,230
2024,5,12,204
2024,5,13,341
2024,5,14,75
2024,5,15,1926
2024,5,16,778
2024,5,17,792
2024,5,21,1168
2024,5,22,2657
2024,5,23,2210
2024,5,24,1794
2024,5,25,1606
2024,5,26,3275
2024,5,27,2367
2024,5,28,216
2024,5,29,35462
2024,5,31,166312
2024,5,33,26890
2024,5,35,575343
2024,5,41,132966
2024,5,42,76840
2024,5,43,50299
2024,5,50,3440
2024,5,51,8278
2024,5,52,52540
2024,5,53,16649
2024,6,11,135
2024,6,12,99
2024,6,13,206
2024,6,14,148
2024,6,15,1255
2024,6,16,848
2024,6,17,303
2024,6,21,433
2024,6,22,1755
2024,6,23,1447
2024,6,24,1030
2024,6,25,916
2024,6,26,2478
2024,6,27,2635
2024,6,28,262
2024,6,29,10339
2024,6,31,41418
2024,6,33,10700
2024,6,35,186209
2024,6,41,32802
2024,6,42,17717
2024,6,43,11552
2024,6,50,1043
2024,6,51,3461
2024,6,52,19356
2024,6,53,4985
2024,7,11,99
2024,7,12,96
2024,7,13,291
2024,7,14,81
2024,7,15,991
2024,7,16,1097
2024,7,17,101
2024,7,21,167
2024,7,22,838
2024,7,23,1104
2024,7,24,1159
2024,7,25,944
2024,7,26,2196
2024,7,27,3143
2024,7,28,199
2024,7,29,4819
2024,7,31,10630
2024,7,33,5779
2024,7,35,55341
2024,7,41,8002
2024,7,42,3668
2024,7,43,2828
2024,7,50,267
2024,7,51,1835
2024,7,52,8398
2024,7,53,2122
2024,8,11,83
2024,8,12,93
2024,8,13,297
2024,8,14,83
2024,8,15,815
2024,8,16,1014
2024,8,17,42
2024,8,21,99
2024,8,22,441
2024,8,23,640
2024,8,24,835
2024,8,25,870
2024,8,26,1266
2024,8,27,1783
2024,8,28,130
2024,8,29,2426
2024,8,31,4403
2024,8,33,3173
2024,8,35,23258
2024,8,41,3508
2024,8,42,1286
2024,8,43,871
2024,8,50,135
2024,8,51,846
2024,8,52,4394
2024,8,53,1939
2024,9,11,47
2024,9,12,115
2024,9,13,363
2024,9,14,49
2024,9,15,638
2024,9,16,474
2024,9,17,40
2024,9,21,101
2024,9,22,214
2024,9,23,391
2024,9,24,558
2024,9,25,552
2024,9,26,1160
2024,9,27,999
2024,9,28,80
2024,9,29,1590
2024,9,31,3679
2024,9,33,2296
2024,9,35,15277
2024,9,41,2287
2024,9,42,370
2024,9,43,814
2024,9,50,114
2024,9,51,542
2024,9,52,2985
2024,9,53,983
2024,10,11,30
2024,10,12,314
2024,10,13,336
2024,10,14,35
2024,10,15,494
2024,10,16,326
2024,10,17,35
2024,10,21,81
2024,10,22,171
2024,10,23,262
2024,10,24,490
2024,10,25,532
2024,10,26,997
2024,10,27,599
2024,10,28,71
2024,10,29,1278
2024,10,31,4175
2024,10,33,1651
2024,10,35,14301
2024,10,41,2295
2024,10,42,492
2024,10,43,817
2024,10,50,130
2024,10,51,400
2024,10,52,3046
2024,10,53,1003
2024,11,11,53
2024,11,12,556
2024,11,13,440
2024,11,14,16
2024,11,15,658
2024,11,16,175
2024,11,17,58
2024,11,21,114
2024,11,22,151
2024,11,23,215
2024,11,24,444
2024,11,25,508
2024,11,26,977
2024,11,27,323
2024,11,28,44
2024,11,29,1401
2024,11,31,6837
2024,11,33,1630
2024,11,35,16752
2024,11,41,2631
2024,11,42,622
2024,11,43,564
2024,11,50,155
2024,11,51,689
2024,11,52,5220
2024,11,53,1694
2024,12,11,74
2024,12,12,1318
2024,12,13,492
2024,12,14,13
2024,12,15,709
2024,12,16,98
2024,12,17,76
2024,12,21,88
2024,12,22,103
2024,12,23,157
2024,12,24,457
2024,12,25,470
2024,12,26,910
2024,12,27,258
2024,12,28,27
2024,12,29,1739
2024,12,31,9361
2024,12,33,1467
2024,12,35,33950
2024,12,41,3099
2024,12,42,1228
2024,12,43,495
2024,12,50,229
2024,12,51,2034
2024,12,52,6338
2024,12,53,1560
2025,1,11,112
2025,1,12,2315
2025,1,13,654
2025,1,14,15
2025,1,15,2215
2025,1,16,370
2025,1,17,261
2025,1,21,255
2025,1,22,380
2025,1,23,192
2025,1,24,410
2025,1,25,501
2025,1,26,864
2025,1,27,256
2025,1,28,32
2025,1,29,2787
2025,1,31,18644
2025,1,32,20
2025,1,33,3184
2025,1,35,114331
2025,1,41,6886
2025,1,42,1344
2025,1,43,685
2025,1,50,983
2025,1,51,7098
2025,1,52,10832
2025,1,53,1242
2025,2,11,204
2025,2,12,2576
2025,2,13,724
2025,2,14,28
2025,2,15,3315
2025,2,16,528
2025,2,17,418
2025,2,21,728
2025,2,22,834
2025,2,23,331
2025,2,24,527
2025,2,25,1030
2025,2,26,1378
2025,2,27,298
2025,2,28,46
2025,2,29,3958
2025,2,31,31679
2025,2,32,18
2025,2,33,6870
2025,2,35,162274
2025,2,41,14256
2025,2,42,1611
2025,2,43,1753
2025,2,50,1551
2025,2,51,6726
2025,2,52,15474
2025,2,53,1581
2025,3,11,1118
2025,3,12,1844
2025,3,13,901
2025,3,14,39
2025,3,15,2741
2025,3,16,320
2025,3,17,386
2025,3,21,1150
2025,3,22,1224
2025,3,23,568
2025,3,24,852
2025,3,25,778
2025,3,26,1828
2025,3,27,422
2025,3,28,42
2025,3,29,4595
2025,3,31,34895
2025,3,32,8
2025,3,33,5514
2025,3,35,236323
2025,3,41,30449
2025,3,42,4496
2025,3,43,9943
2025,3,50,2720
2025,3,51,4638
2025,3,52,15122
2025,3,53,1492
2025,4,11,932
2025,4,12,900
2025,4,13,746
2025,4,14,52
2025,4,15,2299
2025,4,16,213
2025,4,17,508
2025,4,21,982
2025,4,22,1677
2025,4,23,1045
2025,4,24,1201
2025,4,25,1080
2025,4,26,2804
2025,4,27,615
2025,4,28,62
2025,4,29,5075
2025,4,31,33235
2025,4,33,5447
2025,4,35,187257
2025,4,41,29889
2025,4,42,8742
2025,4,43,31443
2025,4,50,3235
2025,4,51,4158
2025,4,52,16290
2025,4,53,1216
2025,5,11,555
2025,5,12,802
2025,5,13,515
2025,5,14,75
2025,5,15,1830
2025,5,16,203
2025,5,17,750
2025,5,21,1018
2025,5,22,1632
2025,5,23,1428
2025,5,24,1605
2025,5,25,870
2025,5,26,2493
2025,5,27,648
2025,5,28,278
2025,5,29,5251
2025,5,31,26761
2025,5,32,8
2025,5,33,4684
2025,5,35,112088
2025,5,41,20792
2025,5,42,7212
2025,5,43,31534
2025,5,50,2974
2025,5,51,5976
2025,5,52,17973
2025,5,53,1399
2025,6,11,335
2025,6,12,633
2025,6,13,466
2025,6,14,140
2025,6,15,1525
2025,6,16,139
2025,6,17,727
2025,6,21,606
2025,6,22,895
2025,6,23,1125
2025,6,24,1105
2025,6,25,670
2025,6,26,2268
2025,6,27,802
2025,6,28,362
2025,6,29,2862
2025,6,31,10814
2025,6,33,2046
2025,6,35,36242
2025,6,41,6950
2025,6,42,3112
2025,6,43,8333
2025,6,50,1805
2025,6,51,3529
2025,6,52,10316
2025,6,53,1013
2025,7,11,5
2025,7,12,41
2025,7,13,38
2025,7,14,9
2025,7,15,55
2025,7,16,1
2025,7,17,101
2025,7,21,9
2025,7,22,51
2025,7,23,71
2025,7,24,195
2025,7,25,77
2025,7,26,215
2025,7,27,70
2025,7,28,19
2025,7,29,126
2025,7,31,479
2025,7,33,219
2025,7,35,2434
2025,7,41,639
2025,7,42,487
2025,7,43,355
2025,7,50,199
2025,7,51,158
2025,7,52,546
2025,7,53,174
