periodo,y,estado
2014-01,521,AC
2014-01,860,AL
2014-01,1537,AM
2014-01,34,AP
2014-01,1429,BA
2014-01,2097,CE
2014-01,1110,DF
2014-01,3634,ES
2014-01,10592,GO
2014-01,138,MA
2014-01,8223,MG
2014-01,1149,MS
2014-01,1572,MT
2014-01,1085,PA
2014-01,535,PB
2014-01,829,PE
2014-01,349,PI
2014-01,4316,PR
2014-01,2681,RJ
2014-01,562,RN
2014-01,479,RO
2014-01,169,RR
2014-01,139,RS
2014-01,70,SC
2014-01,110,SE
2014-01,8622,SP
2014-01,1655,TO
2014-02,662,AC
2014-02,820,AL
2014-02,1490,AM
2014-02,46,AP
2014-02,1795,BA
2014-02,3071,CE
2014-02,2158,DF
2014-02,3156,ES
2014-02,15487,GO
2014-02,326,MA
2014-02,13104,MG
2014-02,1479,MS
2014-02,1845,MT
2014-02,1301,PA
2014-02,601,PB
2014-02,1101,PE
2014-02,431,PI
2014-02,6029,PR
2014-02,1932,RJ
2014-02,1107,RN
2014-02,704,RO
2014-02,129,RR
2014-02,152,RS
2014-02,62,SC
2014-02,146,SE
2014-02,19518,SP
2014-02,1590,TO
2014-03,1129,AC
2014-03,1067,AL
2014-03,1666,AM
2014-03,66,AP
2014-03,2465,BA
2014-03,3015,CE
2014-03,2148,DF
2014-03,2959,ES
2014-03,16922,GO
2014-03,473,MA
2014-03,16136,MG
2014-03,1268,MS
2014-03,1929,MT
2014-03,1283,PA
2014-03,716,PB
2014-03,1508,PE
2014-03,469,PI
2014-03,9555,PR
2014-03,1663,RJ
2014-03,1102,RN
2014-03,783,RO
2014-03,129,RR
2014-03,109,RS
2014-03,57,SC
2014-03,232,SE
2014-03,46080,SP
2014-03,1458,TO
2014-04,988,AC
2014-04,1325,AL
2014-04,1761,AM
2014-04,279,AP
2014-04,4646,BA
2014-04,4615,CE
2014-04,3969,DF
2014-04,3351,ES
2014-04,22240,GO
2014-04,560,MA
2014-04,21860,MG
2014-04,1358,MS
2014-04,1860,MT
2014-04,1237,PA
2014-04,1034,PB
2014-04,2627,PE
2014-04,1200,PI
2014-04,12450,PR
2014-04,1553,RJ
2014-04,1739,RN
2014-04,691,RO
2014-04,116,RR
2014-04,81,RS
2014-04,105,SC
2014-04,433,SE
2014-04,125274,SP
2014-04,1199,TO
2014-05,1065,AC
2014-05,2211,AL
2014-05,1039,AM
2014-05,572,AP
2014-05,4246,BA
2014-05,6363,CE
2014-05,4693,DF
2014-05,3276,ES
2014-05,21573,GO
2014-05,542,MA
2014-05,15183,MG
2014-05,1025,MS
2014-05,1145,MT
2014-05,1117,PA
2014-05,1397,PB
2014-05,3557,PE
2014-05,2372,PI
2014-05,9749,PR
2014-05,1571,RJ
2014-05,2817,RN
2014-05,480,RO
2014-05,150,RR
2014-05,73,RS
2014-05,86,SC
2014-05,908,SE
2014-05,97607,SP
2014-05,1211,TO
2014-06,894,AC
2014-06,2490,AL
2014-06,676,AM
2014-06,240,AP
2014-06,2618,BA
2014-06,6145,CE
2014-06,2786,DF
2014-06,2537,ES
2014-06,11686,GO
2014-06,295,MA
2014-06,7101,MG
2014-06,602,MS
2014-06,667,MT
2014-06,665,PA
2014-06,1012,PB
2014-06,2757,PE
2014-06,1840,PI
2014-06,3923,PR
2014-06,1227,RJ
2014-06,1690,RN
2014-06,327,RO
2014-06,197,RR
2014-06,33,RS
2014-06,37,SC
2014-06,626,SE
2014-06,32198,SP
2014-06,852,TO
2014-07,1030,AC
2014-07,2388,AL
2014-07,546,AM
2014-07,126,AP
2014-07,1903,BA
2014-07,5797,CE
2014-07,1779,DF
2014-07,1864,ES
2014-07,5174,GO
2014-07,291,MA
2014-07,2620,MG
2014-07,438,MS
2014-07,434,MT
2014-07,462,PA
2014-07,753,PB
2014-07,1943,PE
2014-07,1540,PI
2014-07,2459,PR
2014-07,943,RJ
2014-07,1439,RN
2014-07,195,RO
2014-07,209,RR
2014-07,26,RS
2014-07,43,SC
2014-07,548,SE
2014-07,13398,SP
2014-07,400,TO
2014-08,2139,AC
2014-08,1755,AL
2014-08,543,AM
2014-08,72,AP
2014-08,1440,BA
2014-08,3529,CE
2014-08,513,DF
2014-08,1224,ES
2014-08,3368,GO
2014-08,279,MA
2014-08,1565,MG
2014-08,349,MS
2014-08,363,MT
2014-08,424,PA
2014-08,428,PB
2014-08,1051,PE
2014-08,622,PI
2014-08,1770,PR
2014-08,959,RJ
2014-08,933,RN
2014-08,168,RO
2014-08,246,RR
2014-08,31,RS
2014-08,51,SC
2014-08,283,SE
2014-08,7728,SP
2014-08,356,TO
2014-09,7979,AC
2014-09,1265,AL
2014-09,470,AM
2014-09,175,AP
2014-09,1252,BA
2014-09,2409,CE
2014-09,244,DF
2014-09,1143,ES
2014-09,2683,GO
2014-09,198,MA
2014-09,1675,MG
2014-09,299,MS
2014-09,429,MT
2014-09,488,PA
2014-09,339,PB
2014-09,987,PE
2014-09,404,PI
2014-09,1479,PR
2014-09,830,RJ
2014-09,648,RN
2014-09,122,RO
2014-09,271,RR
2014-09,12,RS
2014-09,38,SC
2014-09,263,SE
2014-09,7474,SP
2014-09,280,TO
2014-10,9250,AC
2014-10,1046,AL
2014-10,331,AM
2014-10,498,AP
2014-10,1281,BA
2014-10,1729,CE
2014-10,180,DF
2014-10,830,ES
2014-10,3407,GO
2014-10,93,MA
2014-10,2014,MG
2014-10,477,MS
2014-10,478,MT
2014-10,564,PA
2014-10,305,PB
2014-10,964,PE
2014-10,271,PI
2014-10,1516,PR
2014-10,954,RJ
2014-10,702,RN
2014-10,280,RO
2014-10,221,RR
2014-10,30,RS
2014-10,47,SC
2014-10,197,SE
2014-10,8682,SP
2014-10,384,TO
2014-11,6605,AC
2014-11,680,AL
2014-11,474,AM
2014-11,350,AP
2014-11,982,BA
2014-11,1390,CE
2014-11,272,DF
2014-11,945,ES
2014-11,4070,GO
2014-11,122,MA
2014-11,2275,MG
2014-11,532,MS
2014-11,496,MT
2014-11,503,PA
2014-11,257,PB
2014-11,1049,PE
2014-11,245,PI
2014-11,1547,PR
2014-11,605,RJ
2014-11,647,RN
2014-11,545,RO
2014-11,190,RR
2014-11,50,RS
2014-11,44,SC
2014-11,219,SE
2014-11,8179,SP
2014-11,434,TO
2014-12,4537,AC
2014-12,522,AL
2014-12,480,AM
2014-12,146,AP
2014-12,850,BA
2014-12,1749,CE
2014-12,221,DF
2014-12,760,ES
2014-12,5043,GO
2014-12,239,MA
2014-12,2189,MG
2014-12,629,MS
2014-12,641,MT
2014-12,488,PA
2014-12,230,PB
2014-12,1369,PE
2014-12,169,PI
2014-12,1463,PR
2014-12,797,RJ
2014-12,713,RN
2014-12,385,RO
2014-12,185,RR
2014-12,47,RS
2014-12,38,SC
2014-12,277,SE
2014-12,10356,SP
2014-12,591,TO
2015-01,3735,AC
2015-01,933,AL
2015-01,749,AM
2015-01,419,AP
2015-01,1377,BA
2015-01,2755,CE
2015-01,454,DF
2015-01,1222,ES
2015-01,13279,GO
2015-01,536,MA
2015-01,5667,MG
2015-01,1945,MS
2015-01,1023,MT
2015-01,644,PA
2015-01,378,PB
2015-01,2951,PE
2015-01,251,PI
2015-01,3128,PR
2015-01,3720,RJ
2015-01,1498,RN
2015-01,525,RO
2015-01,230,RR
2015-01,97,RS
2015-01,268,SC
2015-01,525,SE
2015-01,47993,SP
2015-01,780,TO
2015-02,2284,AC
2015-02,1533,AL
2015-02,828,AM
2015-02,633,AP
2015-02,3179,BA
2015-02,4052,CE
2015-02,837,DF
2015-02,999,ES
2015-02,22223,GO
2015-02,758,MA
2015-02,10901,MG
2015-02,3735,MS
2015-02,1604,MT
2015-02,1357,PA
2015-02,726,PB
2015-02,5447,PE
2015-02,479,PI
2015-02,6421,PR
2015-02,4859,RJ
2015-02,2663,RN
2015-02,630,RO
2015-02,180,RR
2015-02,101,RS
2015-02,1882,SC
2015-02,648,SE
2015-02,143143,SP
2015-02,1291,TO
2015-03,2258,AC
2015-03,2100,AL
2015-03,1177,AM
2015-03,1066,AP
2015-03,13350,BA
2015-03,10528,CE
2015-03,1551,DF
2015-03,1781,ES
2015-03,37334,GO
2015-03,2811,MA
2015-03,35003,MG
2015-03,6816,MS
2015-03,3201,MT
2015-03,2901,PA
2015-03,3245,PB
2015-03,20501,PE
2015-03,2358,PI
2015-03,20536,PR
2015-03,12913,RJ
2015-03,7772,RN
2015-03,985,RO
2015-03,164,RR
2015-03,698,RS
2015-03,2813,SC
2015-03,1682,SE
2015-03,322982,SP
2015-03,3167,TO
2015-04,1731,AC
2015-04,3199,AL
2015-04,849,AM
2015-04,578,AP
2015-04,15375,BA
2015-04,18002,CE
2015-04,2951,DF
2015-04,3155,ES
2015-04,36758,GO
2015-04,2188,MA
2015-04,71197,MG
2015-04,8677,MS
2015-04,4847,MT
2015-04,2223,PA
2015-04,5300,PB
2015-04,30062,PE
2015-04,3537,PI
2015-04,27682,PR
2015-04,17927,RJ
2015-04,8224,RN
2015-04,884,RO
2015-04,195,RR
2015-04,1558,RS
2015-04,2682,SC
2015-04,2052,SE
2015-04,270722,SP
2015-04,3291,TO
2015-05,1219,AC
2015-05,4368,AL
2015-05,838,AM
2015-05,467,AP
2015-05,12737,BA
2015-05,26607,CE
2015-05,2987,DF
2015-05,5551,ES
2015-05,40608,GO
2015-05,1072,MA
2015-05,72094,MG
2015-05,5755,MS
2015-05,5498,MT
2015-05,1968,PA
2015-05,7433,PB
2015-05,26856,PE
2015-05,2370,PI
2015-05,14078,PR
2015-05,18160,RJ
2015-05,3915,RN
2015-05,583,RO
2015-05,208,RR
2015-05,761,RS
2015-05,1441,SC
2015-05,1090,SE
2015-05,134327,SP
2015-05,2903,TO
2015-06,596,AC
2015-06,3925,AL
2015-06,775,AM
2015-06,261,AP
2015-06,7742,BA
2015-06,19980,CE
2015-06,1902,DF
2015-06,4812,ES
2015-06,20932,GO
2015-06,493,MA
2015-06,24862,MG
2015-06,2570,MS
2015-06,3418,MT
2015-06,1320,PA
2015-06,4369,PB
2015-06,13805,PE
2015-06,1060,PI
2015-06,5817,PR
2015-06,10108,RJ
2015-06,1397,RN
2015-06,302,RO
2015-06,303,RR
2015-06,231,RS
2015-06,588,SC
2015-06,353,SE
2015-06,35562,SP
2015-06,1983,TO
2015-07,383,AC
2015-07,3511,AL
2015-07,534,AM
2015-07,236,AP
2015-07,7378,BA
2015-07,10705,CE
2015-07,708,DF
2015-07,3882,ES
2015-07,6993,GO
2015-07,379,MA
2015-07,6693,MG
2015-07,1025,MS
2015-07,1806,MT
2015-07,897,PA
2015-07,2538,PB
2015-07,7426,PE
2015-07,377,PI
2015-07,2683,PR
2015-07,4745,RJ
2015-07,638,RN
2015-07,181,RO
2015-07,335,RR
2015-07,89,RS
2015-07,278,SC
2015-07,266,SE
2015-07,11823,SP
2015-07,956,TO
2015-08,253,AC
2015-08,2060,AL
2015-08,412,AM
2015-08,205,AP
2015-08,4220,BA
2015-08,6211,CE
2015-08,331,DF
2015-08,3273,ES
2015-08,3599,GO
2015-08,232,MA
2015-08,2968,MG
2015-08,748,MS
2015-08,1342,MT
2015-08,1162,PA
2015-08,1146,PB
2015-08,4268,PE
2015-08,271,PI
2015-08,2668,PR
2015-08,3480,RJ
2015-08,455,RN
2015-08,144,RO
2015-08,507,RR
2015-08,92,RS
2015-08,183,SC
2015-08,734,SE
2015-08,7655,SP
2015-08,591,TO
2015-09,288,AC
2015-09,1973,AL
2015-09,401,AM
2015-09,196,AP
2015-09,3405,BA
2015-09,2769,CE
2015-09,144,DF
2015-09,3295,ES
2015-09,2183,GO
2015-09,164,MA
2015-09,2392,MG
2015-09,749,MS
2015-09,1109,MT
2015-09,1153,PA
2015-09,576,PB
2015-09,5972,PE
2015-09,131,PI
2015-09,2161,PR
2015-09,2230,RJ
2015-09,271,RN
2015-09,126,RO
2015-09,424,RR
2015-09,60,RS
2015-09,220,SC
2015-09,1559,SE
2015-09,7135,SP
2015-09,454,TO
2015-10,345,AC
2015-10,2770,AL
2015-10,391,AM
2015-10,109,AP
2015-10,2272,BA
2015-10,1558,CE
2015-10,171,DF
2015-10,4293,ES
2015-10,2809,GO
2015-10,226,MA
2015-10,2733,MG
2015-10,1198,MS
2015-10,1206,MT
2015-10,879,PA
2015-10,285,PB
2015-10,7517,PE
2015-10,108,PI
2015-10,2359,PR
2015-10,1944,RJ
2015-10,288,RN
2015-10,243,RO
2015-10,107,RR
2015-10,65,RS
2015-10,206,SC
2015-10,1543,SE
2015-10,9986,SP
2015-10,441,TO
2015-11,421,AC
2015-11,4291,AL
2015-11,280,AM
2015-11,170,AP
2015-11,3092,BA
2015-11,1199,CE
2015-11,302,DF
2015-11,4734,ES
2015-11,4635,GO
2015-11,258,MA
2015-11,5936,MG
2015-11,3982,MS
2015-11,2032,MT
2015-11,947,PA
2015-11,486,PB
2015-11,21146,PE
2015-11,107,PI
2015-11,3225,PR
2015-11,3290,RJ
2015-11,313,RN
2015-11,378,RO
2015-11,53,RR
2015-11,90,RS
2015-11,335,SC
2015-11,2490,SE
2015-11,14256,SP
2015-11,829,TO
2015-12,818,AC
2015-12,3292,AL
2015-12,602,AM
2015-12,94,AP
2015-12,5205,BA
2015-12,1520,CE
2015-12,643,DF
2015-12,8012,ES
2015-12,9101,GO
2015-12,594,MA
2015-12,17906,MG
2015-12,10488,MS
2015-12,5133,MT
2015-12,1638,PA
2015-12,3488,PB
2015-12,26965,PE
2015-12,194,PI
2015-12,7322,PR
2015-12,9903,RJ
2015-12,944,RN
2015-12,916,RO
2015-12,91,RR
2015-12,290,RS
2015-12,615,SC
2015-12,1832,SE
2015-12,27486,SP
2015-12,2469,TO
2016-01,1517,AC
2016-01,4000,AL
2016-01,1441,AM
2016-01,148,AP
2016-01,8352,BA
2016-01,2952,CE
2016-01,2265,DF
2016-01,12062,ES
2016-01,20480,GO
2016-01,2308,MA
2016-01,64418,MG
2016-01,20651,MS
2016-01,9069,MT
2016-01,2375,PA
2016-01,5097,PB
2016-01,30606,PE
2016-01,415,PI
2016-01,17861,PR
2016-01,20293,RJ
2016-01,3762,RN
2016-01,3002,RO
2016-01,60,RR
2016-01,653,RS
2016-01,1286,SC
2016-01,1160,SE
2016-01,67638,SP
2016-01,4338,TO
2016-02,2599,AC
2016-02,4646,AL
2016-02,2518,AM
2016-02,421,AP
2016-02,24608,BA
2016-02,6344,CE
2016-02,6001,DF
2016-02,13289,ES
2016-02,36037,GO
2016-02,6009,MA
2016-02,160763,MG
2016-02,18091,MS
2016-02,10009,MT
2016-02,4081,PA
2016-02,8927,PB
2016-02,36849,PE
2016-02,775,PI
2016-02,31069,PR
2016-02,21149,RJ
2016-02,17561,RN
2016-02,4019,RO
2016-02,75,RR
2016-02,1357,RS
2016-02,3028,SC
2016-02,2127,SE
2016-02,109163,SP
2016-02,5730,TO
2016-03,1797,AC
2016-03,5208,AL
2016-03,2402,AM
2016-03,685,AP
2016-03,25728,BA
2016-03,10831,CE
2016-03,6802,DF
2016-03,12443,ES
2016-03,39075,GO
2016-03,7986,MA
2016-03,202922,MG
2016-03,11856,MS
2016-03,5641,MT
2016-03,3827,PA
2016-03,12189,PB
2016-03,26018,PE
2016-03,975,PI
2016-03,37914,PR
2016-03,23237,RJ
2016-03,21847,RN
2016-03,3329,RO
2016-03,132,RR
2016-03,2473,RS
2016-03,4768,SC
2016-03,1490,SE
2016-03,131765,SP
2016-03,3565,TO
2016-04,1194,AC
2016-04,3559,AL
2016-04,2802,AM
2016-04,541,AP
2016-04,11073,BA
2016-04,18432,CE
2016-04,4022,DF
2016-04,8620,ES
2016-04,26513,GO
2016-04,7262,MA
2016-04,154810,MG
2016-04,6295,MS
2016-04,2206,MT
2016-04,3178,PA
2016-04,7943,PB
2016-04,10097,PE
2016-04,2427,PI
2016-04,28558,PR
2016-04,24342,RJ
2016-04,7812,RN
2016-04,1875,RO
2016-04,104,RR
2016-04,2210,RS
2016-04,2997,SC
2016-04,810,SE
2016-04,81167,SP
2016-04,2096,TO
2016-05,576,AC
2016-05,2803,AL
2016-05,1698,AM
2016-05,344,AP
2016-05,4963,BA
2016-05,23140,CE
2016-05,2319,DF
2016-05,3158,ES
2016-05,13222,GO
2016-05,3077,MA
2016-05,56112,MG
2016-05,1812,MS
2016-05,904,MT
2016-05,1785,PA
2016-05,5011,PB
2016-05,5619,PE
2016-05,1738,PI
2016-05,6544,PR
2016-05,13037,RJ
2016-05,5275,RN
2016-05,887,RO
2016-05,106,RR
2016-05,673,RS
2016-05,859,SC
2016-05,319,SE
2016-05,30579,SP
2016-05,1719,TO
2016-06,362,AC
2016-06,1635,AL
2016-06,1331,AM
2016-06,251,AP
2016-06,2106,BA
2016-06,15461,CE
2016-06,1099,DF
2016-06,964,ES
2016-06,5396,GO
2016-06,1091,MA
2016-06,11198,MG
2016-06,441,MS
2016-06,398,MT
2016-06,921,PA
2016-06,3103,PB
2016-06,3388,PE
2016-06,982,PI
2016-06,1623,PR
2016-06,5061,RJ
2016-06,3181,RN
2016-06,392,RO
2016-06,168,RR
2016-06,93,RS
2016-06,139,SC
2016-06,271,SE
2016-06,8266,SP
2016-06,769,TO
2016-07,192,AC
2016-07,1103,AL
2016-07,799,AM
2016-07,228,AP
2016-07,1224,BA
2016-07,8771,CE
2016-07,471,DF
2016-07,659,ES
2016-07,2240,GO
2016-07,767,MA
2016-07,2684,MG
2016-07,217,MS
2016-07,285,MT
2016-07,657,PA
2016-07,1468,PB
2016-07,2105,PE
2016-07,416,PI
2016-07,1291,PR
2016-07,2697,RJ
2016-07,1696,RN
2016-07,339,RO
2016-07,409,RR
2016-07,83,RS
2016-07,131,SC
2016-07,256,SE
2016-07,4309,SP
2016-07,314,TO
2016-08,162,AC
2016-08,768,AL
2016-08,577,AM
2016-08,354,AP
2016-08,963,BA
2016-08,5079,CE
2016-08,234,DF
2016-08,566,ES
2016-08,1970,GO
2016-08,609,MA
2016-08,2035,MG
2016-08,252,MS
2016-08,353,MT
2016-08,610,PA
2016-08,457,PB
2016-08,1938,PE
2016-08,299,PI
2016-08,1432,PR
2016-08,1330,RJ
2016-08,969,RN
2016-08,163,RO
2016-08,453,RR
2016-08,123,RS
2016-08,150,SC
2016-08,376,SE
2016-08,3984,SP
2016-08,247,TO
2016-09,121,AC
2016-09,425,AL
2016-09,380,AM
2016-09,205,AP
2016-09,787,BA
2016-09,2779,CE
2016-09,153,DF
2016-09,524,ES
2016-09,2131,GO
2016-09,203,MA
2016-09,1855,MG
2016-09,263,MS
2016-09,335,MT
2016-09,463,PA
2016-09,221,PB
2016-09,1297,PE
2016-09,147,PI
2016-09,1588,PR
2016-09,812,RJ
2016-09,456,RN
2016-09,141,RO
2016-09,187,RR
2016-09,71,RS
2016-09,162,SC
2016-09,183,SE
2016-09,4391,SP
2016-09,142,TO
2016-10,125,AC
2016-10,251,AL
2016-10,338,AM
2016-10,164,AP
2016-10,1055,BA
2016-10,2194,CE
2016-10,170,DF
2016-10,518,ES
2016-10,2655,GO
2016-10,137,MA
2016-10,2355,MG
2016-10,269,MS
2016-10,414,MT
2016-10,438,PA
2016-10,336,PB
2016-10,904,PE
2016-10,121,PI
2016-10,2401,PR
2016-10,745,RJ
2016-10,259,RN
2016-10,158,RO
2016-10,111,RR
2016-10,127,RS
2016-10,171,SC
2016-10,172,SE
2016-10,6338,SP
2016-10,190,TO
2016-11,223,AC
2016-11,156,AL
2016-11,472,AM
2016-11,137,AP
2016-11,1172,BA
2016-11,2636,CE
2016-11,209,DF
2016-11,768,ES
2016-11,3333,GO
2016-11,214,MA
2016-11,3102,MG
2016-11,311,MS
2016-11,638,MT
2016-11,504,PA
2016-11,138,PB
2016-11,873,PE
2016-11,92,PI
2016-11,3050,PR
2016-11,1009,RJ
2016-11,262,RN
2016-11,382,RO
2016-11,73,RR
2016-11,176,RS
2016-11,274,SC
2016-11,152,SE
2016-11,8919,SP
2016-11,341,TO
2016-12,379,AC
2016-12,162,AL
2016-12,559,AM
2016-12,75,AP
2016-12,1409,BA
2016-12,1997,CE
2016-12,282,DF
2016-12,1422,ES
2016-12,4333,GO
2016-12,230,MA
2016-12,4661,MG
2016-12,460,MS
2016-12,955,MT
2016-12,637,PA
2016-12,74,PB
2016-12,714,PE
2016-12,120,PI
2016-12,3077,PR
2016-12,1511,RJ
2016-12,310,RN
2016-12,950,RO
2016-12,68,RR
2016-12,298,RS
2016-12,367,SC
2016-12,207,SE
2016-12,9112,SP
2016-12,435,TO
2017-01,834,AC
2017-01,206,AL
2017-01,1247,AM
2017-01,186,AP
2017-01,3033,BA
2017-01,3796,CE
2017-01,408,DF
2017-01,1986,ES
2017-01,7135,GO
2017-01,469,MA
2017-01,9962,MG
2017-01,889,MS
2017-01,1545,MT
2017-01,2425,PA
2017-01,186,PB
2017-01,1000,PE
2017-01,241,PI
2017-01,4382,PR
2017-01,2531,RJ
2017-01,625,RN
2017-01,1288,RO
2017-01,177,RR
2017-01,476,RS
2017-01,571,SC
2017-01,175,SE
2017-01,10185,SP
2017-01,1312,TO
2017-02,812,AC
2017-02,165,AL
2017-02,1353,AM
2017-02,241,AP
2017-02,2214,BA
2017-02,7717,CE
2017-02,469,DF
2017-02,1341,ES
2017-02,8596,GO
2017-02,1793,MA
2017-02,9612,MG
2017-02,871,MS
2017-02,1968,MT
2017-02,3396,PA
2017-02,304,PB
2017-02,1143,PE
2017-02,319,PI
2017-02,3373,PR
2017-02,2185,RJ
2017-02,825,RN
2017-02,1218,RO
2017-02,288,RR
2017-02,238,RS
2017-02,378,SC
2017-02,112,SE
2017-02,10735,SP
2017-02,2641,TO
2017-03,646,AC
2017-03,310,AL
2017-03,1244,AM
2017-03,255,AP
2017-03,2169,BA
2017-03,14685,CE
2017-03,919,DF
2017-03,2277,ES
2017-03,12724,GO
2017-03,2486,MA
2017-03,11260,MG
2017-03,957,MS
2017-03,2449,MT
2017-03,2535,PA
2017-03,598,PB
2017-03,1650,PE
2017-03,751,PI
2017-03,3708,PR
2017-03,2501,RJ
2017-03,1404,RN
2017-03,1448,RO
2017-03,528,RR
2017-03,235,RS
2017-03,344,SC
2017-03,182,SE
2017-03,12033,SP
2017-03,2954,TO
2017-04,432,AC
2017-04,403,AL
2017-04,965,AM
2017-04,107,AP
2017-04,1556,BA
2017-04,23061,CE
2017-04,932,DF
2017-04,1421,ES
2017-04,12452,GO
2017-04,1270,MA
2017-04,7568,MG
2017-04,679,MS
2017-04,1811,MT
2017-04,1058,PA
2017-04,377,PB
2017-04,1645,PE
2017-04,1001,PI
2017-04,2120,PR
2017-04,1836,RJ
2017-04,1180,RN
2017-04,570,RO
2017-04,479,RR
2017-04,90,RS
2017-04,261,SC
2017-04,173,SE
2017-04,8059,SP
2017-04,2207,TO
2017-05,330,AC
2017-05,585,AL
2017-05,678,AM
2017-05,156,AP
2017-05,1644,BA
2017-05,15932,CE
2017-05,1266,DF
2017-05,1203,ES
2017-05,14627,GO
2017-05,1148,MA
2017-05,6220,MG
2017-05,551,MS
2017-05,1222,MT
2017-05,1023,PA
2017-05,334,PB
2017-05,2604,PE
2017-05,2085,PI
2017-05,1610,PR
2017-05,1905,RJ
2017-05,927,RN
2017-05,405,RO
2017-05,794,RR
2017-05,93,RS
2017-05,194,SC
2017-05,211,SE
2017-05,6070,SP
2017-05,2462,TO
2017-06,243,AC
2017-06,627,AL
2017-06,447,AM
2017-06,110,AP
2017-06,1142,BA
2017-06,7329,CE
2017-06,1101,DF
2017-06,902,ES
2017-06,9750,GO
2017-06,558,MA
2017-06,3346,MG
2017-06,386,MS
2017-06,726,MT
2017-06,532,PA
2017-06,443,PB
2017-06,2455,PE
2017-06,1710,PI
2017-06,944,PR
2017-06,1280,RJ
2017-06,796,RN
2017-06,282,RO
2017-06,804,RR
2017-06,54,RS
2017-06,96,SC
2017-06,116,SE
2017-06,3947,SP
2017-06,1260,TO
2017-07,171,AC
2017-07,359,AL
2017-07,376,AM
2017-07,84,AP
2017-07,912,BA
2017-07,3088,CE
2017-07,303,DF
2017-07,481,ES
2017-07,3720,GO
2017-07,362,MA
2017-07,1459,MG
2017-07,226,MS
2017-07,414,MT
2017-07,428,PA
2017-07,406,PB
2017-07,1548,PE
2017-07,880,PI
2017-07,727,PR
2017-07,953,RJ
2017-07,653,RN
2017-07,136,RO
2017-07,825,RR
2017-07,44,RS
2017-07,89,SC
2017-07,78,SE
2017-07,2498,SP
2017-07,583,TO
2017-08,175,AC
2017-08,260,AL
2017-08,465,AM
2017-08,67,AP
2017-08,735,BA
2017-08,1584,CE
2017-08,221,DF
2017-08,597,ES
2017-08,2285,GO
2017-08,267,MA
2017-08,1540,MG
2017-08,365,MS
2017-08,417,MT
2017-08,545,PA
2017-08,585,PB
2017-08,1768,PE
2017-08,404,PI
2017-08,1082,PR
2017-08,716,RJ
2017-08,854,RN
2017-08,171,RO
2017-08,394,RR
2017-08,45,RS
2017-08,117,SC
2017-08,85,SE
2017-08,3071,SP
2017-08,439,TO
2017-09,124,AC
2017-09,181,AL
2017-09,434,AM
2017-09,68,AP
2017-09,512,BA
2017-09,1576,CE
2017-09,220,DF
2017-09,473,ES
2017-09,1986,GO
2017-09,172,MA
2017-09,1944,MG
2017-09,523,MS
2017-09,266,MT
2017-09,382,PA
2017-09,323,PB
2017-09,1288,PE
2017-09,274,PI
2017-09,1892,PR
2017-09,548,RJ
2017-09,599,RN
2017-09,134,RO
2017-09,192,RR
2017-09,61,RS
2017-09,118,SC
2017-09,68,SE
2017-09,5536,SP
2017-09,220,TO
2017-10,231,AC
2017-10,196,AL
2017-10,440,AM
2017-10,96,AP
2017-10,610,BA
2017-10,1158,CE
2017-10,221,DF
2017-10,503,ES
2017-10,2722,GO
2017-10,122,MA
2017-10,2517,MG
2017-10,536,MS
2017-10,307,MT
2017-10,407,PA
2017-10,379,PB
2017-10,1099,PE
2017-10,136,PI
2017-10,2182,PR
2017-10,684,RJ
2017-10,614,RN
2017-10,171,RO
2017-10,151,RR
2017-10,76,RS
2017-10,130,SC
2017-10,59,SE
2017-10,8054,SP
2017-10,178,TO
2017-11,460,AC
2017-11,161,AL
2017-11,323,AM
2017-11,53,AP
2017-11,479,BA
2017-11,862,CE
2017-11,200,DF
2017-11,482,ES
2017-11,2580,GO
2017-11,147,MA
2017-11,2602,MG
2017-11,608,MS
2017-11,455,MT
2017-11,426,PA
2017-11,335,PB
2017-11,918,PE
2017-11,98,PI
2017-11,2437,PR
2017-11,759,RJ
2017-11,558,RN
2017-11,247,RO
2017-11,138,RR
2017-11,85,RS
2017-11,138,SC
2017-11,64,SE
2017-11,6979,SP
2017-11,289,TO
2017-12,825,AC
2017-12,161,AL
2017-12,339,AM
2017-12,46,AP
2017-12,462,BA
2017-12,574,CE
2017-12,232,DF
2017-12,680,ES
2017-12,2624,GO
2017-12,154,MA
2017-12,3506,MG
2017-12,630,MS
2017-12,713,MT
2017-12,365,PA
2017-12,269,PB
2017-12,956,PE
2017-12,145,PI
2017-12,2501,PR
2017-12,1032,RJ
2017-12,480,RN
2017-12,291,RO
2017-12,81,RR
2017-12,113,RS
2017-12,179,SC
2017-12,24,SE
2017-12,6828,SP
2017-12,337,TO
2018-01,1250,AC
2018-01,234,AL
2018-01,608,AM
2018-01,104,AP
2018-01,977,BA
2018-01,1038,CE
2018-01,342,DF
2018-01,887,ES
2018-01,9290,GO
2018-01,246,MA
2018-01,5638,MG
2018-01,850,MS
2018-01,1607,MT
2018-01,849,PA
2018-01,411,PB
2018-01,1191,PE
2018-01,269,PI
2018-01,2831,PR
2018-01,2128,RJ
2018-01,642,RN
2018-01,377,RO
2018-01,107,RR
2018-01,191,RS
2018-01,275,SC
2018-01,30,SE
2018-01,9659,SP
2018-01,572,TO
2018-02,945,AC
2018-02,176,AL
2018-02,509,AM
2018-02,143,AP
2018-02,964,BA
2018-02,1506,CE
2018-02,300,DF
2018-02,801,ES
2018-02,12784,GO
2018-02,253,MA
2018-02,5426,MG
2018-02,626,MS
2018-02,1631,MT
2018-02,1260,PA
2018-02,440,PB
2018-02,1264,PE
2018-02,242,PI
2018-02,2162,PR
2018-02,2412,RJ
2018-02,985,RN
2018-02,278,RO
2018-02,88,RR
2018-02,117,RS
2018-02,227,SC
2018-02,29,SE
2018-02,8779,SP
2018-02,567,TO
2018-03,967,AC
2018-03,203,AL
2018-03,579,AM
2018-03,222,AP
2018-03,1580,BA
2018-03,2292,CE
2018-03,458,DF
2018-03,1461,ES
2018-03,17787,GO
2018-03,300,MA
2018-03,7890,MG
2018-03,741,MS
2018-03,1612,MT
2018-03,1977,PA
2018-03,684,PB
2018-03,2058,PE
2018-03,367,PI
2018-03,1984,PR
2018-03,4437,RJ
2018-03,2389,RN
2018-03,205,RO
2018-03,114,RR
2018-03,98,RS
2018-03,173,SC
2018-03,30,SE
2018-03,9206,SP
2018-03,708,TO
2018-04,1022,AC
2018-04,259,AL
2018-04,586,AM
2018-04,253,AP
2018-04,2257,BA
2018-04,3448,CE
2018-04,608,DF
2018-04,2118,ES
2018-04,19817,GO
2018-04,473,MA
2018-04,11661,MG
2018-04,612,MS
2018-04,1376,MT
2018-04,1606,PA
2018-04,2164,PB
2018-04,4036,PE
2018-04,274,PI
2018-04,2097,PR
2018-04,4718,RJ
2018-04,4826,RN
2018-04,274,RO
2018-04,108,RR
2018-04,86,RS
2018-04,253,SC
2018-04,40,SE
2018-04,8239,SP
2018-04,1208,TO
2018-05,904,AC
2018-05,372,AL
2018-05,442,AM
2018-05,143,AP
2018-05,2292,BA
2018-05,1781,CE
2018-05,445,DF
2018-05,2330,ES
2018-05,18490,GO
2018-05,761,MA
2018-05,7876,MG
2018-05,632,MS
2018-05,1087,MT
2018-05,1231,PA
2018-05,3043,PB
2018-05,3697,PE
2018-05,453,PI
2018-05,1348,PR
2018-05,3641,RJ
2018-05,5438,RN
2018-05,239,RO
2018-05,166,RR
2018-05,76,RS
2018-05,211,SC
2018-05,94,SE
2018-05,7250,SP
2018-05,1037,TO
2018-06,558,AC
2018-06,391,AL
2018-06,369,AM
2018-06,86,AP
2018-06,1304,BA
2018-06,1227,CE
2018-06,305,DF
2018-06,2105,ES
2018-06,8571,GO
2018-06,187,MA
2018-06,3847,MG
2018-06,340,MS
2018-06,581,MT
2018-06,825,PA
2018-06,2145,PB
2018-06,2371,PE
2018-06,358,PI
2018-06,769,PR
2018-06,1912,RJ
2018-06,4268,RN
2018-06,95,RO
2018-06,126,RR
2018-06,36,RS
2018-06,92,SC
2018-06,70,SE
2018-06,4517,SP
2018-06,465,TO
2018-07,473,AC
2018-07,287,AL
2018-07,398,AM
2018-07,69,AP
2018-07,831,BA
2018-07,1105,CE
2018-07,225,DF
2018-07,1740,ES
2018-07,3602,GO
2018-07,102,MA
2018-07,2083,MG
2018-07,323,MS
2018-07,347,MT
2018-07,462,PA
2018-07,1384,PB
2018-07,1982,PE
2018-07,275,PI
2018-07,877,PR
2018-07,1542,RJ
2018-07,4101,RN
2018-07,112,RO
2018-07,184,RR
2018-07,27,RS
2018-07,67,SC
2018-07,44,SE
2018-07,3287,SP
2018-07,252,TO
2018-08,499,AC
2018-08,285,AL
2018-08,388,AM
2018-08,92,AP
2018-08,879,BA
2018-08,900,CE
2018-08,162,DF
2018-08,1375,ES
2018-08,2851,GO
2018-08,131,MA
2018-08,1651,MG
2018-08,245,MS
2018-08,264,MT
2018-08,604,PA
2018-08,937,PB
2018-08,1846,PE
2018-08,183,PI
2018-08,619,PR
2018-08,921,RJ
2018-08,2998,RN
2018-08,94,RO
2018-08,201,RR
2018-08,35,RS
2018-08,54,SC
2018-08,39,SE
2018-08,2934,SP
2018-08,214,TO
2018-09,664,AC
2018-09,183,AL
2018-09,238,AM
2018-09,78,AP
2018-09,603,BA
2018-09,580,CE
2018-09,199,DF
2018-09,816,ES
2018-09,2386,GO
2018-09,81,MA
2018-09,1550,MG
2018-09,223,MS
2018-09,198,MT
2018-09,320,PA
2018-09,380,PB
2018-09,1216,PE
2018-09,122,PI
2018-09,770,PR
2018-09,552,RJ
2018-09,1795,RN
2018-09,57,RO
2018-09,110,RR
2018-09,19,RS
2018-09,65,SC
2018-09,30,SE
2018-09,2977,SP
2018-09,194,TO
2018-10,1632,AC
2018-10,187,AL
2018-10,229,AM
2018-10,114,AP
2018-10,828,BA
2018-10,512,CE
2018-10,256,DF
2018-10,916,ES
2018-10,3472,GO
2018-10,78,MA
2018-10,2354,MG
2018-10,416,MS
2018-10,243,MT
2018-10,213,PA
2018-10,370,PB
2018-10,1526,PE
2018-10,82,PI
2018-10,1246,PR
2018-10,675,RJ
2018-10,1100,RN
2018-10,80,RO
2018-10,103,RR
2018-10,40,RS
2018-10,89,SC
2018-10,58,SE
2018-10,4502,SP
2018-10,333,TO
2018-11,2207,AC
2018-11,189,AL
2018-11,176,AM
2018-11,69,AP
2018-11,838,BA
2018-11,394,CE
2018-11,320,DF
2018-11,1026,ES
2018-11,4889,GO
2018-11,78,MA
2018-11,3274,MG
2018-11,1333,MS
2018-11,443,MT
2018-11,290,PA
2018-11,314,PB
2018-11,1225,PE
2018-11,81,PI
2018-11,1497,PR
2018-11,817,RJ
2018-11,936,RN
2018-11,96,RO
2018-11,95,RR
2018-11,49,RS
2018-11,161,SC
2018-11,49,SE
2018-11,5900,SP
2018-11,769,TO
2018-12,1896,AC
2018-12,208,AL
2018-12,165,AM
2018-12,49,AP
2018-12,822,BA
2018-12,417,CE
2018-12,521,DF
2018-12,1810,ES
2018-12,6367,GO
2018-12,55,MA
2018-12,6120,MG
2018-12,4369,MS
2018-12,764,MT
2018-12,417,PA
2018-12,263,PB
2018-12,1127,PE
2018-12,107,PI
2018-12,1780,PR
2018-12,1260,RJ
2018-12,747,RN
2018-12,91,RO
2018-12,122,RR
2018-12,39,RS
2018-12,169,SC
2018-12,28,SE
2018-12,9739,SP
2018-12,1919,TO
2019-01,2466,AC
2019-01,410,AL
2019-01,433,AM
2019-01,79,AP
2019-01,2993,BA
2019-01,919,CE
2019-01,969,DF
2019-01,4210,ES
2019-01,11406,GO
2019-01,332,MA
2019-01,21159,MG
2019-01,4726,MS
2019-01,1199,MT
2019-01,943,PA
2019-01,406,PB
2019-01,1480,PE
2019-01,238,PI
2019-01,3067,PR
2019-01,2381,RJ
2019-01,831,RN
2019-01,123,RO
2019-01,170,RR
2019-01,125,RS
2019-01,259,SC
2019-01,60,SE
2019-01,31724,SP
2019-01,5474,TO
2019-02,1994,AC
2019-02,568,AL
2019-02,514,AM
2019-02,85,AP
2019-02,5870,BA
2019-02,1667,CE
2019-02,2462,DF
2019-02,5158,ES
2019-02,15393,GO
2019-02,469,MA
2019-02,43831,MG
2019-02,9410,MS
2019-02,1391,MT
2019-02,1328,PA
2019-02,647,PB
2019-02,2782,PE
2019-02,328,PI
2019-02,5523,PR
2019-02,2358,RJ
2019-02,916,RN
2019-02,131,RO
2019-02,187,RR
2019-02,132,RS
2019-02,403,SC
2019-02,55,SE
2019-02,70404,SP
2019-02,6741,TO
2019-03,1504,AC
2019-03,1037,AL
2019-03,387,AM
2019-03,148,AP
2019-03,6965,BA
2019-03,2934,CE
2019-03,5086,DF
2019-03,8082,ES
2019-03,20830,GO
2019-03,840,MA
2019-03,89406,MG
2019-03,20858,MS
2019-03,1668,MT
2019-03,1270,PA
2019-03,1187,PB
2019-03,3686,PE
2019-03,735,PI
2019-03,11457,PR
2019-03,4859,RJ
2019-03,1770,RN
2019-03,205,RO
2019-03,230,RR
2019-03,250,RS
2019-03,837,SC
2019-03,157,SE
2019-03,105923,SP
2019-03,5972,TO
2019-04,933,AC
2019-04,2038,AL
2019-04,419,AM
2019-04,153,AP
2019-04,10512,BA
2019-04,6399,CE
2019-04,8224,DF
2019-04,11248,ES
2019-04,28684,GO
2019-04,1294,MA
2019-04,178518,MG
2019-04,20696,MS
2019-04,2590,MT
2019-04,1277,PA
2019-04,2610,PB
2019-04,7816,PE
2019-04,1718,PI
2019-04,21893,PR
2019-04,11400,RJ
2019-04,5074,RN
2019-04,275,RO
2019-04,207,RR
2019-04,873,RS
2019-04,1524,SC
2019-04,382,SE
2019-04,171187,SP
2019-04,5221,TO
2019-05,694,AC
2019-05,4489,AL
2019-05,394,AM
2019-05,82,AP
2019-05,17895,BA
2019-05,6322,CE
2019-05,12776,DF
2019-05,15621,ES
2019-05,32111,GO
2019-05,1347,MA
2019-05,192650,MG
2019-05,15293,MS
2019-05,3268,MT
2019-05,1080,PA
2019-05,4084,PB
2019-05,14812,PE
2019-05,2703,PI
2019-05,27162,PR
2019-05,15202,RJ
2019-05,7852,RN
2019-05,285,RO
2019-05,180,RR
2019-05,1419,RS
2019-05,1858,SC
2019-05,1112,SE
2019-05,182583,SP
2019-05,3558,TO
2019-06,405,AC
2019-06,5194,AL
2019-06,356,AM
2019-06,68,AP
2019-06,12430,BA
2019-06,4721,CE
2019-06,10287,DF
2019-06,14727,ES
2019-06,17271,GO
2019-06,897,MA
2019-06,57896,MG
2019-06,6469,MS
2019-06,1968,MT
2019-06,533,PA
2019-06,3006,PB
2019-06,9434,PE
2019-06,1766,PI
2019-06,12454,PR
2019-06,6802,RJ
2019-06,7024,RN
2019-06,202,RO
2019-06,153,RR
2019-06,610,RS
2019-06,1056,SC
2019-06,1653,SE
2019-06,69464,SP
2019-06,1188,TO
2019-07,355,AC
2019-07,5345,AL
2019-07,337,AM
2019-07,37,AP
2019-07,9535,BA
2019-07,3488,CE
2019-07,2437,DF
2019-07,10055,ES
2019-07,7020,GO
2019-07,542,MA
2019-07,13751,MG
2019-07,2077,MS
2019-07,1100,MT
2019-07,394,PA
2019-07,3057,PB
2019-07,7119,PE
2019-07,1246,PI
2019-07,5207,PR
2019-07,3111,RJ
2019-07,6182,RN
2019-07,240,RO
2019-07,249,RR
2019-07,211,RS
2019-07,380,SC
2019-07,2986,SE
2019-07,25592,SP
2019-07,361,TO
2019-08,340,AC
2019-08,3745,AL
2019-08,251,AM
2019-08,52,AP
2019-08,6085,BA
2019-08,2612,CE
2019-08,851,DF
2019-08,3909,ES
2019-08,3886,GO
2019-08,286,MA
2019-08,4184,MG
2019-08,900,MS
2019-08,684,MT
2019-08,393,PA
2019-08,2583,PB
2019-08,5163,PE
2019-08,458,PI
2019-08,2766,PR
2019-08,1340,RJ
2019-08,4536,RN
2019-08,164,RO
2019-08,385,RR
2019-08,130,RS
2019-08,245,SC
2019-08,2427,SE
2019-08,11717,SP
2019-08,231,TO
2019-09,378,AC
2019-09,2019,AL
2019-09,289,AM
2019-09,50,AP
2019-09,4281,BA
2019-09,1630,CE
2019-09,659,DF
2019-09,2262,ES
2019-09,3069,GO
2019-09,225,MA
2019-09,3910,MG
2019-09,658,MS
2019-09,511,MT
2019-09,539,PA
2019-09,1410,PB
2019-09,4483,PE
2019-09,222,PI
2019-09,2668,PR
2019-09,876,RJ
2019-09,2724,RN
2019-09,95,RO
2019-09,396,RR
2019-09,89,RS
2019-09,200,SC
2019-09,1344,SE
2019-09,10309,SP
2019-09,171,TO
2019-10,1219,AC
2019-10,1409,AL
2019-10,893,AM
2019-10,53,AP
2019-10,3308,BA
2019-10,1012,CE
2019-10,856,DF
2019-10,1771,ES
2019-10,3612,GO
2019-10,206,MA
2019-10,3679,MG
2019-10,726,MS
2019-10,604,MT
2019-10,455,PA
2019-10,914,PB
2019-10,3593,PE
2019-10,129,PI
2019-10,3745,PR
2019-10,768,RJ
2019-10,1488,RN
2019-10,132,RO
2019-10,651,RR
2019-10,107,RS
2019-10,246,SC
2019-10,772,SE
2019-10,11656,SP
2019-10,324,TO
2019-11,3098,AC
2019-11,801,AL
2019-11,1512,AM
2019-11,63,AP
2019-11,2704,BA
2019-11,891,CE
2019-11,773,DF
2019-11,1733,ES
2019-11,3704,GO
2019-11,138,MA
2019-11,3386,MG
2019-11,1199,MS
2019-11,921,MT
2019-11,485,PA
2019-11,577,PB
2019-11,2320,PE
2019-11,120,PI
2019-11,5937,PR
2019-11,814,RJ
2019-11,701,RN
2019-11,249,RO
2019-11,761,RR
2019-11,117,RS
2019-11,245,SC
2019-11,417,SE
2019-11,12348,SP
2019-11,689,TO
2019-12,3829,AC
2019-12,378,AL
2019-12,1955,AM
2019-12,45,AP
2019-12,2238,BA
2019-12,765,CE
2019-12,870,DF
2019-12,2607,ES
2019-12,4171,GO
2019-12,86,MA
2019-12,4950,MG
2019-12,2251,MS
2019-12,2186,MT
2019-12,376,PA
2019-12,448,PB
2019-12,1525,PE
2019-12,106,PI
2019-12,11632,PR
2019-12,967,RJ
2019-12,769,RN
2019-12,378,RO
2019-12,606,RR
2019-12,123,RS
2019-12,255,SC
2019-12,169,SE
2019-12,16266,SP
2019-12,971,TO
2020-01,3956,AC
2020-01,254,AL
2020-01,2132,AM
2020-01,42,AP
2020-01,3683,BA
2020-01,1750,CE
2020-01,2802,DF
2020-01,2721,ES
2020-01,7939,GO
2020-01,486,MA
2020-01,12889,MG
2020-01,11973,MS
2020-01,7443,MT
2020-01,1220,PA
2020-01,616,PB
2020-01,1814,PE
2020-01,156,PI
2020-01,38089,PR
2020-01,1811,RJ
2020-01,1066,RN
2020-01,607,RO
2020-01,601,RR
2020-01,193,RS
2020-01,407,SC
2020-01,149,SE
2020-01,54898,SP
2020-01,916,TO
2020-02,2117,AC
2020-02,218,AL
2020-02,1304,AM
2020-02,36,AP
2020-02,7002,BA
2020-02,4194,CE
2020-02,6771,DF
2020-02,2537,ES
2020-02,11727,GO
2020-02,894,MA
2020-02,21609,MG
2020-02,21047,MS
2020-02,9875,MT
2020-02,1764,PA
2020-02,737,PB
2020-02,2089,PE
2020-02,210,PI
2020-02,90754,PR
2020-02,1777,RJ
2020-02,1601,RN
2020-02,1001,RO
2020-02,504,RR
2020-02,450,RS
2020-02,795,SC
2020-02,145,SE
2020-02,97274,SP
2020-02,1034,TO
2020-03,957,AC
2020-03,218,AL
2020-03,1347,AM
2020-03,25,AP
2020-03,12975,BA
2020-03,5787,CE
2020-03,12031,DF
2020-03,2216,ES
2020-03,15413,GO
2020-03,592,MA
2020-03,29830,MG
2020-03,18569,MS
2020-03,8461,MT
2020-03,1623,PA
2020-03,691,PB
2020-03,2653,PE
2020-03,366,PI
2020-03,103402,PR
2020-03,1467,RJ
2020-03,1861,RN
2020-03,1205,RO
2020-03,216,RR
2020-03,1293,RS
2020-03,2301,SC
2020-03,223,SE
2020-03,85833,SP
2020-03,1029,TO
2020-04,424,AC
2020-04,478,AL
2020-04,833,AM
2020-04,23,AP
2020-04,20909,BA
2020-04,6383,CE
2020-04,14213,DF
2020-04,67,ES
2020-04,13670,GO
2020-04,438,MA
2020-04,27354,MG
2020-04,8840,MS
2020-04,6027,MT
2020-04,850,PA
2020-04,662,PB
2020-04,3434,PE
2020-04,374,PI
2020-04,61538,PR
2020-04,862,RJ
2020-04,964,RN
2020-04,987,RO
2020-04,71,RR
2020-04,2294,RS
2020-04,5509,SC
2020-04,178,SE
2020-04,51399,SP
2020-04,558,TO
2020-05,1151,AC
2020-05,541,AL
2020-05,683,AM
2020-05,17,AP
2020-05,24885,BA
2020-05,6082,CE
2020-05,12110,DF
2020-05,4,ES
2020-05,10250,GO
2020-05,245,MA
2020-05,18983,MG
2020-05,4389,MS
2020-05,5826,MT
2020-05,593,PA
2020-05,1076,PB
2020-05,5610,PE
2020-05,662,PI
2020-05,28315,PR
2020-05,605,RJ
2020-05,1515,RN
2020-05,804,RO
2020-05,175,RR
2020-05,1240,RS
2020-05,6544,SC
2020-05,393,SE
2020-05,33118,SP
2020-05,472,TO
2020-06,1107,AC
2020-06,552,AL
2020-06,905,AM
2020-06,12,AP
2020-06,18823,BA
2020-06,5151,CE
2020-06,6670,DF
2020-06,8054,GO
2020-06,163,MA
2020-06,10936,MG
2020-06,2089,MS
2020-06,4180,MT
2020-06,389,PA
2020-06,1096,PB
2020-06,5316,PE
2020-06,489,PI
2020-06,12559,PR
2020-06,395,RJ
2020-06,1807,RN
2020-06,567,RO
2020-06,161,RR
2020-06,369,RS
2020-06,3835,SC
2020-06,948,SE
2020-06,20477,SP
2020-06,424,TO
2020-07,495,AC
2020-07,532,AL
2020-07,593,AM
2020-07,11,AP
2020-07,9837,BA
2020-07,4622,CE
2020-07,2848,DF
2020-07,1,ES
2020-07,5831,GO
2020-07,159,MA
2020-07,6975,MG
2020-07,1557,MS
2020-07,2101,MT
2020-07,214,PA
2020-07,1241,PB
2020-07,5216,PE
2020-07,279,PI
2020-07,5150,PR
2020-07,372,RJ
2020-07,1671,RN
2020-07,496,RO
2020-07,214,RR
2020-07,162,RS
2020-07,1615,SC
2020-07,1171,SE
2020-07,14430,SP
2020-07,413,TO
2020-08,337,AC
2020-08,262,AL
2020-08,346,AM
2020-08,11,AP
2020-08,3372,BA
2020-08,2836,CE
2020-08,1418,DF
2020-08,3,ES
2020-08,2850,GO
2020-08,80,MA
2020-08,3974,MG
2020-08,1032,MS
2020-08,922,MT
2020-08,187,PA
2020-08,844,PB
2020-08,3506,PE
2020-08,132,PI
2020-08,2502,PR
2020-08,214,RJ
2020-08,916,RN
2020-08,231,RO
2020-08,151,RR
2020-08,95,RS
2020-08,504,SC
2020-08,864,SE
2020-08,8320,SP
2020-08,219,TO
2020-09,286,AC
2020-09,195,AL
2020-09,396,AM
2020-09,11,AP
2020-09,1927,BA
2020-09,1451,CE
2020-09,1462,DF
2020-09,1827,GO
2020-09,67,MA
2020-09,3601,MG
2020-09,816,MS
2020-09,641,MT
2020-09,142,PA
2020-09,592,PB
2020-09,2617,PE
2020-09,92,PI
2020-09,3270,PR
2020-09,273,RJ
2020-09,497,RN
2020-09,129,RO
2020-09,105,RR
2020-09,63,RS
2020-09,376,SC
2020-09,586,SE
2020-09,7920,SP
2020-09,121,TO
2020-10,385,AC
2020-10,171,AL
2020-10,466,AM
2020-10,20,AP
2020-10,1413,BA
2020-10,949,CE
2020-10,1224,DF
2020-10,1,ES
2020-10,1567,GO
2020-10,42,MA
2020-10,3291,MG
2020-10,615,MS
2020-10,433,MT
2020-10,120,PA
2020-10,436,PB
2020-10,1933,PE
2020-10,54,PI
2020-10,3858,PR
2020-10,249,RJ
2020-10,338,RN
2020-10,119,RO
2020-10,74,RR
2020-10,133,RS
2020-10,353,SC
2020-10,329,SE
2020-10,7451,SP
2020-10,78,TO
2020-11,1031,AC
2020-11,100,AL
2020-11,620,AM
2020-11,9,AP
2020-11,1241,BA
2020-11,878,CE
2020-11,1148,DF
2020-11,5,ES
2020-11,1708,GO
2020-11,29,MA
2020-11,3822,MG
2020-11,1015,MS
2020-11,552,MT
2020-11,171,PA
2020-11,311,PB
2020-11,1484,PE
2020-11,56,PI
2020-11,4935,PR
2020-11,262,RJ
2020-11,361,RN
2020-11,156,RO
2020-11,35,RR
2020-11,134,RS
2020-11,434,SC
2020-11,161,SE
2020-11,7477,SP
2020-11,120,TO
2020-12,2434,AC
2020-12,118,AL
2020-12,881,AM
2020-12,20,AP
2020-12,1145,BA
2020-12,808,CE
2020-12,1840,DF
2020-12,467,ES
2020-12,2002,GO
2020-12,26,MA
2020-12,4728,MG
2020-12,1198,MS
2020-12,877,MT
2020-12,215,PA
2020-12,282,PB
2020-12,1082,PE
2020-12,53,PI
2020-12,5508,PR
2020-12,236,RJ
2020-12,297,RN
2020-12,365,RO
2020-12,66,RR
2020-12,116,RS
2020-12,477,SC
2020-12,133,SE
2020-12,9297,SP
2020-12,209,TO
2021-01,6676,AC
2021-01,66,AL
2021-01,1040,AM
2021-01,54,AP
2021-01,1751,BA
2021-01,883,CE
2021-01,1594,DF
2021-01,4,ES
2021-01,3564,GO
2021-01,220,MA
2021-01,4978,MG
2021-01,1746,MS
2021-01,1936,MT
2021-01,420,PA
2021-01,215,PB
2021-01,981,PE
2021-01,81,PI
2021-01,6979,PR
2021-01,184,RJ
2021-01,302,RN
2021-01,445,RO
2021-01,59,RR
2021-01,176,RS
2021-01,533,SC
2021-01,86,SE
2021-01,14941,SP
2021-01,249,TO
2021-02,7880,AC
2021-02,73,AL
2021-02,1763,AM
2021-02,49,AP
2021-02,5631,BA
2021-02,1753,CE
2021-02,1971,DF
2021-02,6083,GO
2021-02,269,MA
2021-02,6519,MG
2021-02,4324,MS
2021-02,3545,MT
2021-02,716,PA
2021-02,424,PB
2021-02,1825,PE
2021-02,184,PI
2021-02,10621,PR
2021-02,260,RJ
2021-02,406,RN
2021-02,534,RO
2021-02,76,RR
2021-02,701,RS
2021-02,979,SC
2021-02,153,SE
2021-02,35316,SP
2021-02,372,TO
2021-03,7202,AC
2021-03,131,AL
2021-03,2885,AM
2021-03,97,AP
2021-03,7656,BA
2021-03,2974,CE
2021-03,2917,DF
2021-03,4,ES
2021-03,9226,GO
2021-03,225,MA
2021-03,10367,MG
2021-03,5798,MS
2021-03,4036,MT
2021-03,1094,PA
2021-03,691,PB
2021-03,2913,PE
2021-03,256,PI
2021-03,15000,PR
2021-03,731,RJ
2021-03,388,RN
2021-03,548,RO
2021-03,103,RR
2021-03,2495,RS
2021-03,3422,SC
2021-03,195,SE
2021-03,70890,SP
2021-03,605,TO
2021-04,2378,AC
2021-04,153,AL
2021-04,2173,AM
2021-04,63,AP
2021-04,6874,BA
2021-04,5262,CE
2021-04,3565,DF
2021-04,15,ES
2021-04,11411,GO
2021-04,143,MA
2021-04,7390,MG
2021-04,4964,MS
2021-04,3885,MT
2021-04,868,PA
2021-04,1081,PB
2021-04,4221,PE
2021-04,406,PI
2021-04,19700,PR
2021-04,1135,RJ
2021-04,518,RN
2021-04,355,RO
2021-04,135,RR
2021-04,7050,RS
2021-04,9084,SC
2021-04,175,SE
2021-04,85023,SP
2021-04,815,TO
2021-05,1156,AC
2021-05,309,AL
2021-05,1834,AM
2021-05,67,AP
2021-05,5727,BA
2021-05,10895,CE
2021-05,4177,DF
2021-05,1,ES
2021-05,10781,GO
2021-05,182,MA
2021-05,5829,MG
2021-05,3013,MS
2021-05,4315,MT
2021-05,714,PA
2021-05,1965,PB
2021-05,10008,PE
2021-05,609,PI
2021-05,12973,PR
2021-05,810,RJ
2021-05,856,RN
2021-05,316,RO
2021-05,172,RR
2021-05,4216,RS
2021-05,10651,SC
2021-05,285,SE
2021-05,58148,SP
2021-05,1097,TO
2021-06,615,AC
2021-06,917,AL
2021-06,1404,AM
2021-06,50,AP
2021-06,2983,BA
2021-06,15561,CE
2021-06,3338,DF
2021-06,1,ES
2021-06,7774,GO
2021-06,132,MA
2021-06,3804,MG
2021-06,1282,MS
2021-06,3583,MT
2021-06,560,PA
2021-06,3089,PB
2021-06,12673,PE
2021-06,777,PI
2021-06,4828,PR
2021-06,682,RJ
2021-06,1078,RN
2021-06,270,RO
2021-06,163,RR
2021-06,756,RS
2021-06,4556,SC
2021-06,379,SE
2021-06,26291,SP
2021-06,1100,TO
2021-07,479,AC
2021-07,1865,AL
2021-07,1051,AM
2021-07,65,AP
2021-07,1421,BA
2021-07,13056,CE
2021-07,1594,DF
2021-07,4,ES
2021-07,4334,GO
2021-07,77,MA
2021-07,1959,MG
2021-07,617,MS
2021-07,2079,MT
2021-07,406,PA
2021-07,3807,PB
2021-07,10292,PE
2021-07,693,PI
2021-07,2408,PR
2021-07,432,RJ
2021-07,897,RN
2021-07,161,RO
2021-07,151,RR
2021-07,236,RS
2021-07,1692,SC
2021-07,537,SE
2021-07,10840,SP
2021-07,771,TO
2021-08,444,AC
2021-08,1979,AL
2021-08,727,AM
2021-08,200,AP
2021-08,773,BA
2021-08,7880,CE
2021-08,909,DF
2021-08,2852,GO
2021-08,81,MA
2021-08,1734,MG
2021-08,571,MS
2021-08,1173,MT
2021-08,378,PA
2021-08,3045,PB
2021-08,6326,PE
2021-08,753,PI
2021-08,2748,PR
2021-08,353,RJ
2021-08,819,RN
2021-08,140,RO
2021-08,124,RR
2021-08,146,RS
2021-08,1054,SC
2021-08,679,SE
2021-08,8129,SP
2021-08,671,TO
2021-09,395,AC
2021-09,1663,AL
2021-09,481,AM
2021-09,140,AP
2021-09,576,BA
2021-09,3992,CE
2021-09,782,DF
2021-09,2416,GO
2021-09,74,MA
2021-09,1848,MG
2021-09,609,MS
2021-09,865,MT
2021-09,270,PA
2021-09,2474,PB
2021-09,4424,PE
2021-09,391,PI
2021-09,3105,PR
2021-09,299,RJ
2021-09,569,RN
2021-09,66,RO
2021-09,87,RR
2021-09,129,RS
2021-09,682,SC
2021-09,561,SE
2021-09,8164,SP
2021-09,551,TO
2021-10,645,AC
2021-10,1163,AL
2021-10,367,AM
2021-10,102,AP
2021-10,525,BA
2021-10,2495,CE
2021-10,647,DF
2021-10,2674,GO
2021-10,49,MA
2021-10,1693,MG
2021-10,607,MS
2021-10,1173,MT
2021-10,246,PA
2021-10,1864,PB
2021-10,2882,PE
2021-10,130,PI
2021-10,2684,PR
2021-10,195,RJ
2021-10,482,RN
2021-10,85,RO
2021-10,46,RR
2021-10,153,RS
2021-10,638,SC
2021-10,448,SE
2021-10,7172,SP
2021-10,647,TO
2021-11,909,AC
2021-11,861,AL
2021-11,501,AM
2021-11,80,AP
2021-11,896,BA
2021-11,2102,CE
2021-11,1015,DF
2021-11,5339,GO
2021-11,72,MA
2021-11,2550,MG
2021-11,815,MS
2021-11,2226,MT
2021-11,767,PA
2021-11,1766,PB
2021-11,2158,PE
2021-11,175,PI
2021-11,3054,PR
2021-11,217,RJ
2021-11,528,RN
2021-11,360,RO
2021-11,42,RR
2021-11,174,RS
2021-11,782,SC
2021-11,516,SE
2021-11,8719,SP
2021-11,2180,TO
2021-12,2007,AC
2021-12,798,AL
2021-12,646,AM
2021-12,96,AP
2021-12,2015,BA
2021-12,2408,CE
2021-12,2957,DF
2021-12,3,ES
2021-12,17505,GO
2021-12,203,MA
2021-12,3841,MG
2021-12,992,MS
2021-12,5346,MT
2021-12,2300,PA
2021-12,1554,PB
2021-12,2414,PE
2021-12,383,PI
2021-12,3098,PR
2021-12,296,RJ
2021-12,544,RN
2021-12,742,RO
2021-12,29,RR
2021-12,226,RS
2021-12,1088,SC
2021-12,527,SE
2021-12,15214,SP
2021-12,8156,TO
2022-01,713,AC
2022-01,172,AL
2022-01,234,AM
2022-01,14,AP
2022-01,1325,BA
2022-01,373,CE
2022-01,3231,DF
2022-01,3,ES
2022-01,15315,GO
2022-01,156,MA
2022-01,2535,MG
2022-01,403,MS
2022-01,3795,MT
2022-01,901,PA
2022-01,521,PB
2022-01,303,PE
2022-01,398,PI
2022-01,521,PR
2022-01,75,RJ
2022-01,198,RN
2022-01,1011,RO
2022-01,2,RR
2022-01,152,RS
2022-01,76,SC
2022-01,26,SE
2022-01,6872,SP
2022-01,4190,TO
2022-02,494,AC
2022-02,381,AL
2022-02,404,AM
2022-02,39,AP
2022-02,2507,BA
2022-02,979,CE
2022-02,5962,DF
2022-02,3,ES
2022-02,25455,GO
2022-02,370,MA
2022-02,3811,MG
2022-02,723,MS
2022-02,4421,MT
2022-02,908,PA
2022-02,1109,PB
2022-02,669,PE
2022-02,1394,PI
2022-02,2435,PR
2022-02,231,RJ
2022-02,375,RN
2022-02,1366,RO
2022-02,1,RR
2022-02,687,RS
2022-02,824,SC
2022-02,39,SE
2022-02,13802,SP
2022-02,3747,TO
2022-03,540,AC
2022-03,642,AL
2022-03,579,AM
2022-03,26,AP
2022-03,5957,BA
2022-03,2773,CE
2022-03,12297,DF
2022-03,6,ES
2022-03,43526,GO
2022-03,918,MA
2022-03,13045,MG
2022-03,2455,MS
2022-03,6355,MT
2022-03,904,PA
2022-03,2582,PB
2022-03,1502,PE
2022-03,4313,PI
2022-03,29173,PR
2022-03,916,RJ
2022-03,1734,RN
2022-03,2015,RO
2022-03,1,RR
2022-03,17089,RS
2022-03,16663,SC
2022-03,103,SE
2022-03,60699,SP
2022-03,2935,TO
2022-04,357,AC
2022-04,2259,AL
2022-04,458,AM
2022-04,32,AP
2022-04,7965,BA
2022-04,5893,CE
2022-04,17613,DF
2022-04,14,ES
2022-04,44409,GO
2022-04,975,MA
2022-04,24524,MG
2022-04,4897,MS
2022-04,7885,MT
2022-04,703,PA
2022-04,3754,PB
2022-04,2451,PE
2022-04,10128,PI
2022-04,59058,PR
2022-04,1695,RJ
2022-04,5088,RN
2022-04,2212,RO
2022-04,3,RR
2022-04,29105,RS
2022-04,32037,SC
2022-04,311,SE
2022-04,110685,SP
2022-04,3132,TO
2022-05,353,AC
2022-05,7917,AL
2022-05,387,AM
2022-05,30,AP
2022-05,7587,BA
2022-05,10776,CE
2022-05,14388,DF
2022-05,14,ES
2022-05,33255,GO
2022-05,1325,MA
2022-05,23054,MG
2022-05,6023,MS
2022-05,5764,MT
2022-05,704,PA
2022-05,6236,PB
2022-05,3430,PE
2022-05,7790,PI
2022-05,47238,PR
2022-05,3085,RJ
2022-05,10065,RN
2022-05,1674,RO
2022-05,4,RR
2022-05,16696,RS
2022-05,26667,SC
2022-05,755,SE
2022-05,100220,SP
2022-05,2893,TO
2022-06,173,AC
2022-06,8700,AL
2022-06,262,AM
2022-06,19,AP
2022-06,3313,BA
2022-06,9347,CE
2022-06,6198,DF
2022-06,3,ES
2022-06,13509,GO
2022-06,955,MA
2022-06,7831,MG
2022-06,2543,MS
2022-06,2311,MT
2022-06,391,PA
2022-06,5183,PB
2022-06,2236,PE
2022-06,4564,PI
2022-06,9944,PR
2022-06,1775,RJ
2022-06,10355,RN
2022-06,898,RO
2022-06,7,RR
2022-06,2437,RS
2022-06,6105,SC
2022-06,1075,SE
2022-06,27903,SP
2022-06,1587,TO
2022-07,145,AC
2022-07,6476,AL
2022-07,203,AM
2022-07,23,AP
2022-07,1710,BA
2022-07,4765,CE
2022-07,2509,DF
2022-07,5,ES
2022-07,7098,GO
2022-07,682,MA
2022-07,2925,MG
2022-07,1708,MS
2022-07,1038,MT
2022-07,276,PA
2022-07,3998,PB
2022-07,1445,PE
2022-07,1684,PI
2022-07,3716,PR
2022-07,924,RJ
2022-07,6200,RN
2022-07,657,RO
2022-07,8,RR
2022-07,569,RS
2022-07,1579,SC
2022-07,1128,SE
2022-07,10918,SP
2022-07,744,TO
2022-08,91,AC
2022-08,3750,AL
2022-08,165,AM
2022-08,25,AP
2022-08,1391,BA
2022-08,3821,CE
2022-08,1857,DF
2022-08,2,ES
2022-08,5675,GO
2022-08,443,MA
2022-08,1618,MG
2022-08,1092,MS
2022-08,673,MT
2022-08,174,PA
2022-08,2458,PB
2022-08,1500,PE
2022-08,736,PI
2022-08,1233,PR
2022-08,624,RJ
2022-08,4481,RN
2022-08,437,RO
2022-08,11,RR
2022-08,209,RS
2022-08,554,SC
2022-08,843,SE
2022-08,5863,SP
2022-08,453,TO
2022-09,60,AC
2022-09,1892,AL
2022-09,430,AM
2022-09,27,AP
2022-09,858,BA
2022-09,1853,CE
2022-09,2020,DF
2022-09,2,ES
2022-09,4730,GO
2022-09,318,MA
2022-09,1280,MG
2022-09,836,MS
2022-09,442,MT
2022-09,157,PA
2022-09,1514,PB
2022-09,751,PE
2022-09,261,PI
2022-09,546,PR
2022-09,379,RJ
2022-09,1888,RN
2022-09,379,RO
2022-09,1,RR
2022-09,95,RS
2022-09,286,SC
2022-09,388,SE
2022-09,3082,SP
2022-09,250,TO
2022-10,127,AC
2022-10,815,AL
2022-10,973,AM
2022-10,18,AP
2022-10,968,BA
2022-10,885,CE
2022-10,1910,DF
2022-10,5,ES
2022-10,3887,GO
2022-10,270,MA
2022-10,1561,MG
2022-10,1136,MS
2022-10,487,MT
2022-10,183,PA
2022-10,716,PB
2022-10,684,PE
2022-10,84,PI
2022-10,554,PR
2022-10,454,RJ
2022-10,783,RN
2022-10,427,RO
2022-10,9,RR
2022-10,33,RS
2022-10,198,SC
2022-10,260,SE
2022-10,3017,SP
2022-10,209,TO
2022-11,232,AC
2022-11,446,AL
2022-11,627,AM
2022-11,15,AP
2022-11,978,BA
2022-11,764,CE
2022-11,1710,DF
2022-11,2,ES
2022-11,4491,GO
2022-11,250,MA
2022-11,2271,MG
2022-11,2554,MS
2022-11,956,MT
2022-11,276,PA
2022-11,496,PB
2022-11,652,PE
2022-11,231,PI
2022-11,757,PR
2022-11,458,RJ
2022-11,674,RN
2022-11,1020,RO
2022-11,10,RR
2022-11,65,RS
2022-11,92,SC
2022-11,162,SE
2022-11,3398,SP
2022-11,355,TO
2022-12,325,AC
2022-12,273,AL
2022-12,640,AM
2022-12,22,AP
2022-12,1197,BA
2022-12,521,CE
2022-12,3001,DF
2022-12,7,ES
2022-12,5555,GO
2022-12,190,MA
2022-12,4645,MG
2022-12,1987,MS
2022-12,1254,MT
2022-12,341,PA
2022-12,291,PB
2022-12,495,PE
2022-12,115,PI
2022-12,1055,PR
2022-12,527,RJ
2022-12,344,RN
2022-12,2164,RO
2022-12,5,RR
2022-12,97,RS
2022-12,207,SC
2022-12,166,SE
2022-12,4707,SP
2022-12,460,TO
2023-01,562,AC
2023-01,225,AL
2023-01,767,AM
2023-01,63,AP
2023-01,3259,BA
2023-01,646,CE
2023-01,2803,DF
2023-01,29,ES
2023-01,5920,GO
2023-01,328,MA
2023-01,14851,MG
2023-01,2543,MS
2023-01,2246,MT
2023-01,692,PA
2023-01,404,PB
2023-01,277,PE
2023-01,287,PI
2023-01,2111,PR
2023-01,1216,RJ
2023-01,440,RN
2023-01,2844,RO
2023-01,6,RR
2023-01,62,RS
2023-01,290,SC
2023-01,169,SE
2023-01,13158,SP
2023-01,379,TO
2023-02,793,AC
2023-02,237,AL
2023-02,859,AM
2023-02,68,AP
2023-02,4934,BA
2023-02,1027,CE
2023-02,3378,DF
2023-02,26,ES
2023-02,7477,GO
2023-02,649,MA
2023-02,41472,MG
2023-02,5856,MS
2023-02,3695,MT
2023-02,825,PA
2023-02,484,PB
2023-02,439,PE
2023-02,650,PI
2023-02,7409,PR
2023-02,2799,RJ
2023-02,477,RN
2023-02,2475,RO
2023-02,11,RR
2023-02,430,RS
2023-02,2050,SC
2023-02,229,SE
2023-02,33877,SP
2023-02,428,TO
2023-03,1102,AC
2023-03,390,AL
2023-03,602,AM
2023-03,85,AP
2023-03,5913,BA
2023-03,2390,CE
2023-03,4437,DF
2023-03,58,ES
2023-03,10826,GO
2023-03,1321,MA
2023-03,91933,MG
2023-03,11657,MS
2023-03,5078,MT
2023-03,1000,PA
2023-03,994,PB
2023-03,1337,PE
2023-03,1479,PI
2023-03,37610,PR
2023-03,6655,RJ
2023-03,790,RN
2023-03,2292,RO
2023-03,5,RR
2023-03,4195,RS
2023-03,18890,SC
2023-03,298,SE
2023-03,83978,SP
2023-03,601,TO
2023-04,744,AC
2023-04,616,AL
2023-04,532,AM
2023-04,57,AP
2023-04,5423,BA
2023-04,1999,CE
2023-04,4272,DF
2023-04,35,ES
2023-04,10249,GO
2023-04,779,MA
2023-04,102134,MG
2023-04,11670,MS
2023-04,5403,MT
2023-04,677,PA
2023-04,1372,PB
2023-04,1212,PE
2023-04,1538,PI
2023-04,70577,PR
2023-04,7657,RJ
2023-04,1720,RN
2023-04,1137,RO
2023-04,6,RR
2023-04,12756,RS
2023-04,50349,SC
2023-04,272,SE
2023-04,95963,SP
2023-04,662,TO
2023-05,472,AC
2023-05,595,AL
2023-05,527,AM
2023-05,42,AP
2023-05,6388,BA
2023-05,2854,CE
2023-05,4270,DF
2023-05,40,ES
2023-05,9234,GO
2023-05,570,MA
2023-05,74523,MG
2023-05,8144,MS
2023-05,4712,MT
2023-05,542,PA
2023-05,1058,PB
2023-05,787,PE
2023-05,1500,PI
2023-05,53938,PR
2023-05,7876,RJ
2023-05,1208,RN
2023-05,636,RO
2023-05,11,RR
2023-05,13488,RS
2023-05,44175,SC
2023-05,322,SE
2023-05,63739,SP
2023-05,518,TO
2023-06,187,AC
2023-06,540,AL
2023-06,300,AM
2023-06,72,AP
2023-06,5915,BA
2023-06,1822,CE
2023-06,2794,DF
2023-06,23,ES
2023-06,4314,GO
2023-06,283,MA
2023-06,22105,MG
2023-06,2576,MS
2023-06,2290,MT
2023-06,429,PA
2023-06,675,PB
2023-06,587,PE
2023-06,850,PI
2023-06,14403,PR
2023-06,5273,RJ
2023-06,569,RN
2023-06,326,RO
2023-06,11,RR
2023-06,4695,RS
2023-06,15982,SC
2023-06,447,SE
2023-06,16312,SP
2023-06,235,TO
2023-07,147,AC
2023-07,545,AL
2023-07,432,AM
2023-07,82,AP
2023-07,5239,BA
2023-07,1303,CE
2023-07,1765,DF
2023-07,9,ES
2023-07,2461,GO
2023-07,296,MA
2023-07,6288,MG
2023-07,1169,MS
2023-07,1252,MT
2023-07,276,PA
2023-07,456,PB
2023-07,610,PE
2023-07,525,PI
2023-07,3958,PR
2023-07,2754,RJ
2023-07,472,RN
2023-07,191,RO
2023-07,14,RR
2023-07,1128,RS
2023-07,5133,SC
2023-07,417,SE
2023-07,4696,SP
2023-07,104,TO
2023-08,148,AC
2023-08,447,AL
2023-08,272,AM
2023-08,238,AP
2023-08,3741,BA
2023-08,1169,CE
2023-08,1920,DF
2023-08,4,ES
2023-08,2719,GO
2023-08,202,MA
2023-08,3647,MG
2023-08,467,MS
2023-08,816,MT
2023-08,362,PA
2023-08,364,PB
2023-08,631,PE
2023-08,271,PI
2023-08,2133,PR
2023-08,2311,RJ
2023-08,374,RN
2023-08,155,RO
2023-08,63,RR
2023-08,362,RS
2023-08,1580,SC
2023-08,315,SE
2023-08,3172,SP
2023-08,76,TO
2023-09,133,AC
2023-09,338,AL
2023-09,292,AM
2023-09,255,AP
2023-09,2113,BA
2023-09,489,CE
2023-09,1707,DF
2023-09,6,ES
2023-09,3082,GO
2023-09,116,MA
2023-09,3171,MG
2023-09,245,MS
2023-09,528,MT
2023-09,227,PA
2023-09,339,PB
2023-09,463,PE
2023-09,164,PI
2023-09,1528,PR
2023-09,1503,RJ
2023-09,355,RN
2023-09,111,RO
2023-09,55,RR
2023-09,123,RS
2023-09,693,SC
2023-09,173,SE
2023-09,2896,SP
2023-09,53,TO
2023-10,256,AC
2023-10,316,AL
2023-10,294,AM
2023-10,103,AP
2023-10,1602,BA
2023-10,356,CE
2023-10,1427,DF
2023-10,6,ES
2023-10,3395,GO
2023-10,80,MA
2023-10,5179,MG
2023-10,294,MS
2023-10,641,MT
2023-10,223,PA
2023-10,345,PB
2023-10,542,PE
2023-10,117,PI
2023-10,2134,PR
2023-10,1783,RJ
2023-10,416,RN
2023-10,219,RO
2023-10,18,RR
2023-10,293,RS
2023-10,579,SC
2023-10,157,SE
2023-10,3753,SP
2023-10,45,TO
2023-11,783,AC
2023-11,297,AL
2023-11,416,AM
2023-11,79,AP
2023-11,1395,BA
2023-11,236,CE
2023-11,2508,DF
2023-11,7,ES
2023-11,4103,GO
2023-11,105,MA
2023-11,12118,MG
2023-11,260,MS
2023-11,833,MT
2023-11,203,PA
2023-11,360,PB
2023-11,527,PE
2023-11,106,PI
2023-11,3990,PR
2023-11,3048,RJ
2023-11,462,RN
2023-11,141,RO
2023-11,9,RR
2023-11,413,RS
2023-11,628,SC
2023-11,88,SE
2023-11,5243,SP
2023-11,92,TO
2023-12,1863,AC
2023-12,226,AL
2023-12,976,AM
2023-12,76,AP
2023-12,1501,BA
2023-12,190,CE
2023-12,10886,DF
2023-12,9,ES
2023-12,6347,GO
2023-12,70,MA
2023-12,28710,MG
2023-12,293,MS
2023-12,1113,MT
2023-12,232,PA
2023-12,346,PB
2023-12,565,PE
2023-12,129,PI
2023-12,9635,PR
2023-12,7075,RJ
2023-12,384,RN
2023-12,173,RO
2023-12,15,RR
2023-12,731,RS
2023-12,1662,SC
2023-12,65,SE
2023-12,10409,SP
2023-12,101,TO
2024-01,1970,AC
2024-01,278,AL
2024-01,1895,AM
2024-01,703,AP
2024-01,4040,BA
2024-01,372,CE
2024-01,48041,DF
2024-01,62,ES
2024-01,20857,GO
2024-01,221,MA
2024-01,128879,MG
2024-01,1357,MS
2024-01,3182,MT
2024-01,1073,PA
2024-01,349,PB
2024-01,314,PE
2024-01,451,PI
2024-01,35958,PR
2024-01,24886,RJ
2024-01,511,RN
2024-01,456,RO
2024-01,25,RR
2024-01,3041,RS
2024-01,4151,SC
2024-01,72,SE
2024-01,49611,SP
2024-01,187,TO
2024-02,737,AC
2024-02,1142,AL
2024-02,1911,AM
2024-02,1944,AP
2024-02,26827,BA
2024-02,864,CE
2024-02,88490,DF
2024-02,133,ES
2024-02,61402,GO
2024-02,1566,MA
2024-02,392409,MG
2024-02,2881,MS
2024-02,6456,MT
2024-02,3638,PA
2024-02,1503,PB
2024-02,1578,PE
2024-02,1912,PI
2024-02,79023,PR
2024-02,84747,RJ
2024-02,1695,RN
2024-02,1364,RO
2024-02,40,RR
2024-02,16202,RS
2024-02,26578,SC
2024-02,245,SE
2024-02,168760,SP
2024-02,524,TO
2024-03,439,AC
2024-03,2186,AL
2024-03,1291,AM
2024-03,1947,AP
2024-03,69517,BA
2024-03,1584,CE
2024-03,72592,DF
2024-03,142,ES
2024-03,73299,GO
2024-03,3754,MA
2024-03,521733,MG
2024-03,4568,MS
2024-03,6807,MT
2024-03,4638,PA
2024-03,3479,PB
2024-03,4472,PE
2024-03,3116,PI
2024-03,157878,PR
2024-03,89062,RJ
2024-03,4836,RN
2024-03,1899,RO
2024-03,33,RR
2024-03,49584,RS
2024-03,80823,SC
2024-03,353,SE
2024-03,424738,SP
2024-03,955,TO
2024-04,352,AC
2024-04,2290,AL
2024-04,685,AM
2024-04,1396,AP
2024-04,72564,BA
2024-04,3259,CE
2024-04,38984,DF
2024-04,105,ES
2024-04,76493,GO
2024-04,3062,MA
2024-04,373394,MG
2024-04,4509,MS
2024-04,8292,MT
2024-04,3856,PA
2024-04,2882,PB
2024-04,4804,PE
2024-04,3197,PI
2024-04,187801,PR
2024-04,50024,RJ
2024-04,3608,RN
2024-04,696,RO
2024-04,28,RR
2024-04,87761,RS
2024-04,123357,SC
2024-04,357,SE
2024-04,618462,SP
2024-04,1188,TO
2024-05,204,AC
2024-05,2367,AL
2024-05,341,AM
2024-05,778,AP
2024-05,35462,BA
2024-05,2210,CE
2024-05,16649,DF
2024-05,58,ES
2024-05,52540,GO
2024-05,1168,MA
2024-05,166312,MG
2024-05,3440,MS
2024-05,8278,MT
2024-05,1926,PA
2024-05,1606,PB
2024-05,3275,PE
2024-05,2657,PI
2024-05,132966,PR
2024-05,26890,RJ
2024-05,1794,RN
2024-05,230,RO
2024-05,75,RR
2024-05,50299,RS
2024-05,76840,SC
2024-05,216,SE
2024-05,575343,SP
2024-05,792,TO
2024-06,99,AC
2024-06,2635,AL
2024-06,206,AM
2024-06,848,AP
2024-06,10339,BA
2024-06,1447,CE
2024-06,4985,DF
2024-06,21,ES
2024-06,19356,GO
2024-06,433,MA
2024-06,41418,MG
2024-06,1043,MS
2024-06,3461,MT
2024-06,1255,PA
2024-06,916,PB
2024-06,2478,PE
2024-06,1755,PI
2024-06,32802,PR
2024-06,10700,RJ
2024-06,1030,RN
2024-06,135,RO
2024-06,148,RR
2024-06,11552,RS
2024-06,17717,SC
2024-06,262,SE
2024-06,186209,SP
2024-06,303,TO
2024-07,96,AC
2024-07,3143,AL
2024-07,291,AM
2024-07,1097,AP
2024-07,4819,BA
2024-07,1104,CE
2024-07,2122,DF
2024-07,11,ES
2024-07,8398,GO
2024-07,167,MA
2024-07,10630,MG
2024-07,267,MS
2024-07,1835,MT
2024-07,991,PA
2024-07,944,PB
2024-07,2196,PE
2024-07,838,PI
2024-07,8002,PR
2024-07,5779,RJ
2024-07,1159,RN
2024-07,99,RO
2024-07,81,RR
2024-07,2828,RS
2024-07,3668,SC
2024-07,199,SE
2024-07,55341,SP
2024-07,101,TO
2024-08,93,AC
2024-08,1783,AL
2024-08,297,AM
2024-08,1014,AP
2024-08,2426,BA
2024-08,640,CE
2024-08,1939,DF
2024-08,9,ES
2024-08,4394,GO
2024-08,99,MA
2024-08,4403,MG
2024-08,135,MS
2024-08,846,MT
2024-08,815,PA
2024-08,870,PB
2024-08,1266,PE
2024-08,441,PI
2024-08,3508,PR
2024-08,3173,RJ
2024-08,835,RN
2024-08,83,RO
2024-08,83,RR
2024-08,871,RS
2024-08,1286,SC
2024-08,130,SE
2024-08,23258,SP
2024-08,42,TO
2024-09,115,AC
2024-09,999,AL
2024-09,363,AM
2024-09,474,AP
2024-09,1590,BA
2024-09,391,CE
2024-09,983,DF
2024-09,7,ES
2024-09,2985,GO
2024-09,101,MA
2024-09,3679,MG
2024-09,114,MS
2024-09,542,MT
2024-09,638,PA
2024-09,552,PB
2024-09,1160,PE
2024-09,214,PI
2024-09,2287,PR
2024-09,2296,RJ
2024-09,558,RN
2024-09,47,RO
2024-09,49,RR
2024-09,814,RS
2024-09,370,SC
2024-09,80,SE
2024-09,15277,SP
2024-09,40,TO
2024-10,314,AC
2024-10,599,AL
2024-10,336,AM
2024-10,326,AP
2024-10,1278,BA
2024-10,262,CE
2024-10,1003,DF
2024-10,6,ES
2024-10,3046,GO
2024-10,81,MA
2024-10,4175,MG
2024-10,130,MS
2024-10,400,MT
2024-10,494,PA
2024-10,532,PB
2024-10,997,PE
2024-10,171,PI
2024-10,2295,PR
2024-10,1651,RJ
2024-10,490,RN
2024-10,30,RO
2024-10,35,RR
2024-10,817,RS
2024-10,492,SC
2024-10,71,SE
2024-10,14301,SP
2024-10,35,TO
2024-11,556,AC
2024-11,323,AL
2024-11,440,AM
2024-11,175,AP
2024-11,1401,BA
2024-11,215,CE
2024-11,1694,DF
2024-11,7,ES
2024-11,5220,GO
2024-11,114,MA
2024-11,6837,MG
2024-11,155,MS
2024-11,689,MT
2024-11,658,PA
2024-11,508,PB
2024-11,977,PE
2024-11,151,PI
2024-11,2631,PR
2024-11,1630,RJ
2024-11,444,RN
2024-11,53,RO
2024-11,16,RR
2024-11,564,RS
2024-11,622,SC
2024-11,44,SE
2024-11,16752,SP
2024-11,58,TO
2025-01,2315,AC
2025-01,256,AL
2025-01,654,AM
2025-01,370,AP
2025-01,2787,BA
2025-01,192,CE
2025-01,1242,DF
2025-01,20,ES
2025-01,10832,GO
2025-01,255,MA
2025-01,18644,MG
2025-01,983,MS
2025-01,7098,MT
2025-01,2215,PA
2025-01,501,PB
2025-01,864,PE
2025-01,380,PI
2025-01,6886,PR
2025-01,3184,RJ
2025-01,410,RN
2025-01,112,RO
2025-01,15,RR
2025-01,685,RS
2025-01,1344,SC
2025-01,32,SE
2025-01,114331,SP
2025-01,261,TO
2025-02,2576,AC
2025-02,298,AL
2025-02,724,AM
2025-02,528,AP
2025-02,3958,BA
2025-02,331,CE
2025-02,1581,DF
2025-02,18,ES
2025-02,15474,GO
2025-02,728,MA
2025-02,31679,MG
2025-02,1551,MS
2025-02,6726,MT
2025-02,3315,PA
2025-02,1030,PB
2025-02,1378,PE
2025-02,834,PI
2025-02,14256,PR
2025-02,6870,RJ
2025-02,527,RN
2025-02,204,RO
2025-02,28,RR
2025-02,1753,RS
2025-02,1611,SC
2025-02,46,SE
2025-02,162274,SP
2025-02,418,TO
