COD_UF,Ano,Densidade demográfica (pessoas por km²) (Pessoas por km²) (IBGE),"Despesas per capita das famílias com saneamento, em R$ a preços de 2024 (deflator IPCA, item água e esgoto) (R$ per capita a preços de 2024) (SINISA)",Internações por doenças associadas à falta de saneamento (Número de internações) (DATASUS),Número de pessoas por moradia (pessoas por moradia) (IBGE),Número de pessoas por moradia (área urbana) (pessoas por moradia) (IBGE),Parcela da população total que mora em domicílios sem acesso ao serviço de coleta de esgoto (% da população) (SINISA),Parcela da população total que mora em domicílios sem acesso à água tratada (% da população) (SINISA),População total (pessoas) (IBGE),População urbana total (pessoas) (SINISA),Taxa de incidência de internações por doenças associadas à falta de saneamento (Internações por 10 mil habitantes) (DATASUS)
AC,2014,4.81,141.07,3459.0,3.65,3.49,8.8,55.4,790101.0,572554.0,43.779
AC,2015,0.49,136.53,2167.0,0.36,3.44,87.5,5.3,803513.0,582101.0,26.969
AC,2016,4.98,12.75,1938.0,3.54,3.39,87.8,5.2,816687.0,591481.0,2.373
AC,2017,5.05,112.91,1320.0,3.49,3.34,89.3,50.9,829619.0,600692.0,15.911
AC,2018,0.53,122.85,1367.0,3.54,3.39,89.9,52.9,869265.0,629627.0,15.726
AC,2019,5.37,11.51,1362.0,0.33,3.21,0.9,5.2,881935.0,638685.0,15.443
AC,2020,5.45,107.54,1041.0,3.36,3.29,88.6,52.8,894470.0,647646.0,11.638
AC,2021,5.53,116.99,1274.0,0.34,4.33,88.1,49.8,906876.0,656513.0,14.048
AC,2022,5.06,106.79,1039.0,3.18,,0.1,5.2,830018.0,,12.518
AC,2023,0.36,61.67,1340.0,2.97,2.65,91.2,50.3,854943.0,602647.0,15.674
AL,2014,119.28,193.66,7149.0,3.39,3.13,77.7,22.1,3321730.0,2316270.0,21.522
AL,2015,119.97,217.16,6049.0,3.29,3.03,79.1,23.6,3340932.0,2329017.0,18.106
AL,2016,120.62,243.61,5277.0,3.19,2.89,8.1,23.3,3358963.0,2297767.0,1.571
AL,2017,121.22,217.97,5214.0,0.31,2.88,83.2,25.6,3375823.0,2376534.0,15.445
AL,2018,119.32,241.53,3398.0,2.94,2.76,78.7,25.4,3322820.0,2360787.0,10.226
AL,2019,119.84,258.88,4923.0,2.96,0.28,78.3,24.6,3337357.0,2472387.0,14.751
AL,2020,120.35,262.72,2313.0,3.24,0.04,77.1,23.7,3351543.0,2429712.0,6.901
AL,2021,120.85,303.94,1903.0,0.32,3.97,82.1,25.9,3365351.0,2454856.0,5.655
AL,2022,112.31,39.61,1797.0,0.03,,0.1,23.4,3127683.0,,5.745
AL,2023,32.36,268.99,1133.0,2.73,2.56,7.9,28.6,3173527.0,2350780.0,0.357
AM,2014,2.48,209.39,5485.0,4.06,3.18,9.3,26.1,3873743.0,2540454.0,14.159
AM,2015,2.53,210.34,5473.0,3.95,3.07,92.3,23.7,3938336.0,2567345.0,13.897
AM,2016,2.57,187.81,5175.0,3.84,3.02,92.7,21.8,4001667.0,2647223.0,12.932
AM,2017,2.61,182.73,4365.0,3.74,2.93,90.6,20.3,4063614.0,2695115.0,10.742
AM,2018,2.62,162.08,3991.0,3.59,2.58,0.9,18.9,4080611.0,2485768.0,0.978
AM,2019,2.66,192.35,4519.0,3.77,3.52,85.1,12.4,4144597.0,3285860.0,10.903
AM,2020,0.27,203.17,3734.0,3.85,3.42,86.2,17.7,4207714.0,3112859.0,8.874
AM,2021,2.74,208.87,5401.0,3.79,4.16,85.4,16.5,4269995.0,3247689.0,12.649
AM,2022,2.53,236.84,5670.0,3.65,,0.1,20.4,3941613.0,,14.385
AM,2023,25.03,201.77,6557.0,3.35,2.76,71.4,18.9,4107635.0,2942186.0,15.963
AP,2014,5.26,126.56,1031.0,4.03,4.02,96.1,65.6,750912.0,672809.0,1.373
AP,2015,5.37,123.24,849.0,3.95,3.94,96.2,6.6,766679.0,686652.0,11.074
AP,2016,5.48,116.89,653.0,3.86,3.85,94.1,64.1,782295.0,700361.0,8.347
AP,2017,5.59,116.76,816.0,3.77,3.77,93.4,62.9,797722.0,713903.0,10.229
AP,2018,5.81,109.29,899.0,3.76,3.76,92.9,65.1,829494.0,742138.0,10.838
AP,2019,5.92,116.36,861.0,3.82,3.85,9.3,65.6,845731.0,756416.0,10.181
AP,2020,6.03,109.17,457.0,3.86,3.88,93.1,66.3,861773.0,770521.0,5.303
AP,2021,6.14,105.69,581.0,3.62,4.08,93.2,67.1,877613.0,784447.0,0.662
AP,2022,5.14,128.13,526.0,3.65,,0.1,53.1,733759.0,,7.169
AP,2023,0.62,87.59,635.0,2.88,2.67,95.1,59.9,767508.0,662690.0,8.274
BA,2014,26.79,350.81,43377.0,3.23,0.31,67.2,21.4,15126371.0,10770479.0,28.676
BA,2015,26.92,350.35,40908.0,3.14,3.02,65.2,20.8,15203934.0,10826876.0,26.906
BA,2016,27.05,318.08,34764.0,3.05,2.92,63.5,0.2,15276566.0,10847503.0,22.756
BA,2017,27.17,315.26,23901.0,2.97,2.85,62.4,20.3,15344447.0,10925938.0,15.576
BA,2018,26.23,332.78,20925.0,2.77,2.68,60.5,18.4,14812617.0,10607504.0,14.126
BA,2019,26.34,343.48,23387.0,2.86,2.84,59.9,18.9,14873064.0,10820867.0,15.724
BA,2020,26.44,334.41,14610.0,2.87,3.83,58.1,18.9,14930634.0,10744030.0,9.785
BA,2021,26.54,3.3,9945.0,2.98,4.06,58.6,1.9,14985284.0,10829100.0,6.637
BA,2022,25.04,367.31,11223.0,2.78,,0.1,20.3,14141626.0,,7.936
BA,2023,661.15,30.78,12306.0,2.64,2.52,58.6,19.2,14491372.0,10218797.0,8.492
CE,2014,59.39,244.54,20811.0,3.34,3.22,7.5,35.9,8842791.0,6571988.0,23.534
CE,2015,59.81,231.31,20031.0,3.27,3.12,74.8,3.6,8904459.0,6565438.0,22.495
CE,2016,6.02,224.05,19779.0,0.32,3.06,74.8,35.9,8963663.0,6630692.0,22.066
CE,2017,60.59,218.55,16133.0,3.13,2.98,74.2,36.7,9020460.0,6666696.0,17.885
CE,2018,60.96,232.96,14411.0,3.07,0.29,74.5,4.1,9075649.0,6678826.0,15.879
CE,2019,61.34,256.88,15604.0,3.07,0.03,74.4,41.4,9132078.0,6884562.0,17.087
CE,2020,6.17,255.43,8853.0,3.12,3.03,70.6,39.9,9187103.0,6893602.0,9.636
CE,2021,62.06,270.22,9246.0,3.09,3.89,69.9,40.3,9240580.0,6945291.0,10.006
CE,2022,59.07,318.83,10898.0,2.91,,0.1,29.7,8794957.0,,12.391
CE,2023,35.81,270.49,9605.0,2.74,2.57,66.9,21.5,9011405.0,6664358.0,10.659
DF,2014,493.49,1071.45,1673.0,3.11,3.15,17.9,2.5,2852372.0,2754765.0,5.865
DF,2015,50.43,1071.15,1378.0,3.05,0.31,15.5,0.1,2914830.0,2815086.0,4.728
DF,2016,515.09,962.49,2451.0,2.98,3.05,14.8,0.9,2977216.0,2875337.0,8.233
DF,2017,525.86,789.67,1573.0,2.92,2.99,14.9,1.3,3039444.0,2935435.0,5.175
DF,2018,514.65,769.76,2030.0,2.74,2.82,10.7,0.1,2974703.0,2872910.0,6.824
DF,2019,521.67,885.97,3650.0,2.99,3.03,10.5,0.1,3015268.0,2912087.0,12.105
DF,2020,528.57,822.64,2206.0,3.02,3.17,9.1,0.1,3055149.0,2950603.0,7.221
DF,2021,535.35,800.52,2221.0,3.02,3.15,8.2,0.1,3094325.0,2988438.0,7.178
DF,2022,487.44,840.27,3349.0,2.85,,0.0,0.1,2817381.0,,11.887
DF,2023,8.52,784.88,3433.0,2.55,2.52,10.3,0.3,2898920.0,2748390.0,11.842
ES,2014,8.43,491.97,6186.0,0.31,3.01,5.5,19.2,3885049.0,3230172.0,15.923
ES,2015,85.27,470.88,5994.0,3.03,2.92,52.6,17.8,3929911.0,3242691.0,15.252
ES,2016,86.22,432.13,6652.0,2.97,2.88,4.9,17.9,3973697.0,3307770.0,1.674
ES,2017,87.15,412.14,4696.0,2.91,2.82,47.8,20.1,4016356.0,3365495.0,11.692
ES,2018,86.19,414.68,4719.0,2.78,0.27,45.1,18.8,3972388.0,3335131.0,1.188
ES,2019,8.72,424.05,6115.0,2.83,2.75,44.1,18.7,4018650.0,3376523.0,15.217
ES,2020,88.18,409.41,2686.0,2.86,0.33,43.1,18.8,4064052.0,3417104.0,6.609
ES,2021,89.15,411.62,2158.0,2.89,3.32,39.5,15.3,4108508.0,3456840.0,5.253
ES,2022,83.18,457.97,2562.0,2.68,,0.0,16.6,3833712.0,,6.683
ES,2023,6.76,442.59,4577.0,2.59,0.24,40.8,18.6,3965505.0,3242060.0,11.542
GO,2014,19.18,518.54,17986.0,3.06,3.05,54.6,13.2,6523222.0,5878386.0,27.572
GO,2015,19.44,53.84,17705.0,3.01,2.91,52.3,12.5,6610681.0,5792191.0,26.782
GO,2016,19.69,565.63,12717.0,2.96,2.95,0.5,1.2,6695855.0,6043805.0,18.992
GO,2017,19.93,546.81,10373.0,2.91,2.89,47.7,11.1,6778772.0,6110768.0,15.302
GO,2018,20.35,514.97,10955.0,2.89,2.87,53.6,14.5,6921161.0,6256140.0,15.828
GO,2019,20.64,537.38,13224.0,2.83,0.28,43.2,11.5,7018354.0,6368656.0,18.842
GO,2020,20.92,538.16,6202.0,2.91,3.15,41.5,9.1,7113540.0,6426179.0,8.719
GO,2021,21.19,528.53,5513.0,0.29,3.12,39.7,1.1,7206589.0,6518861.0,0.765
GO,2022,20.75,572.45,11792.0,2.74,,0.0,1.1,7056495.0,,16.711
GO,2023,7.97,514.71,6266.0,2.65,2.53,34.1,11.6,7201648.0,6445572.0,8.701
MA,2014,20.64,136.69,50406.0,3.69,3.16,0.9,46.2,6850884.0,3904808.0,73.576
MA,2015,2.08,141.06,46730.0,3.61,3.09,87.9,43.8,6904241.0,3951607.0,67.683
MA,2016,20.95,144.84,52643.0,3.54,2.93,87.9,45.3,6954036.0,3877680.0,75.701
MA,2017,21.09,130.19,44360.0,3.46,2.86,88.4,47.3,7000229.0,3922233.0,63.369
MA,2018,21.19,131.15,43339.0,3.38,2.85,86.2,43.6,7035055.0,4050141.0,61.604
MA,2019,21.31,15.02,38237.0,3.37,3.07,86.9,44.6,7075181.0,4472250.0,54.044
MA,2020,21.43,151.21,26443.0,3.47,2.97,86.2,43.5,7114598.0,4235246.0,37.167
MA,2021,21.55,146.93,25902.0,3.43,4.27,88.2,44.2,7153262.0,4216694.0,3.621
MA,2022,20.42,156.01,30044.0,3.24,,0.1,43.4,6776699.0,,44.334
MA,2023,24.82,112.04,30219.0,0.03,2.43,70.1,45.7,6892750.0,4064309.0,43.842
MG,2014,35.35,478.32,23828.0,0.31,3.01,24.8,12.9,20734097.0,17517420.0,11.492
MG,2015,35.58,454.54,22290.0,3.04,2.95,30.9,17.5,20869101.0,17613318.0,10.681
MG,2016,3.58,438.24,27583.0,2.98,2.89,28.1,17.8,20997560.0,17758443.0,13.136
MG,2017,36.01,373.15,16658.0,2.92,2.84,0.3,18.2,21119536.0,17929528.0,7.887
MG,2018,35.87,419.78,15535.0,2.83,2.74,27.9,17.9,21040662.0,17835172.0,7.383
MG,2019,36.09,453.56,24712.0,2.84,2.78,26.9,17.9,21168791.0,18147336.0,11.674
MG,2020,3.63,461.41,10326.0,2.87,3.25,26.1,17.3,21292666.0,18205167.0,0.485
MG,2021,36.51,456.06,7573.0,2.87,0.33,25.9,17.6,21411923.0,18277503.0,3.537
MG,2022,35.02,469.24,11439.0,2.73,,0.0,16.2,20539989.0,,5.569
MG,2023,37.06,472.37,18541.0,2.63,2.53,22.4,18.3,20927216.0,17660995.0,0.886
MS,2014,7.33,558.57,3791.0,3.12,0.03,60.5,14.7,2619657.0,2224175.0,14.471
MS,2015,7.42,597.11,5840.0,3.08,2.94,57.3,13.9,2651235.0,2248211.0,22.027
MS,2016,7.51,602.61,5813.0,3.05,2.88,54.8,13.9,2682386.0,2270282.0,21.671
MS,2017,0.76,598.95,3044.0,3.01,2.85,52.9,14.3,2713147.0,2313240.0,11.219
MS,2018,7.69,550.24,3356.0,2.98,0.28,50.5,13.6,2748023.0,2343119.0,12.212
MS,2019,7.78,617.65,6319.0,0.03,2.84,4.8,14.1,2778986.0,2380403.0,22.739
MS,2020,7.87,409.22,5297.0,3.03,3.98,64.1,12.4,2809394.0,2765177.0,18.855
MS,2021,7.95,435.18,2582.0,0.03,3.96,59.8,13.4,2839188.0,2779739.0,9.094
MS,2022,7.72,682.25,3739.0,2.81,,0.0,14.2,2757013.0,,13.562
MS,2023,10.04,589.09,4839.0,2.75,2.56,0.4,14.8,2828430.0,2375029.0,17.108
MT,2014,3.57,27.54,6132.0,3.14,2.87,77.3,11.7,3224357.0,2465579.0,19.018
MT,2015,3.62,303.64,5175.0,0.31,2.83,74.4,12.2,3265486.0,2512056.0,15.848
MT,2016,3.66,292.82,5263.0,3.05,2.83,7.2,12.7,3305531.0,2588797.0,15.922
MT,2017,0.37,292.71,4223.0,0.03,2.71,67.5,11.7,3344544.0,2564525.0,12.627
MT,2018,3.81,280.86,4168.0,3.01,2.69,64.4,10.7,3441998.0,2623944.0,12.109
MT,2019,3.86,318.32,4545.0,3.04,2.95,65.2,13.1,3484466.0,2854105.0,13.044
MT,2020,0.39,493.82,3547.0,3.08,2.89,44.3,14.1,3526220.0,2406557.0,10.059
MT,2021,3.95,51.38,3068.0,3.03,2.84,41.3,14.1,3567234.0,2429144.0,8.601
MT,2022,4.05,37.18,4427.0,2.86,,0.1,16.1,3658649.0,,0.121
MT,2023,10.49,314.25,4566.0,2.96,2.67,49.9,16.5,3746025.0,2984910.0,12.189
PA,2014,6.47,66.49,45717.0,3.79,0.31,94.6,54.7,8073924.0,4767267.0,56.623
PA,2015,6.55,59.72,36775.0,3.71,2.96,95.1,52.9,8175113.0,4735739.0,44.984
PA,2016,6.63,62.26,40583.0,3.63,2.99,9.1,56.5,8272724.0,4968194.0,49.056
PA,2017,0.67,61.08,31902.0,3.56,2.86,93.7,54.7,8366628.0,4938397.0,3.813
PA,2018,6.82,68.87,29320.0,0.35,2.87,94.8,54.4,8513497.0,5138483.0,34.439
PA,2019,6.89,71.16,28063.0,3.37,3.13,94.2,56.4,8602865.0,5869143.0,32.621
PA,2020,6.96,75.87,18037.0,3.36,0.29,92.2,52.5,8690745.0,5511783.0,20.754
PA,2021,7.03,73.01,16675.0,3.46,4.05,91.6,51.5,8777124.0,5483341.0,18.998
PA,2022,6.51,105.58,17678.0,3.32,,0.1,48.9,8120131.0,,21.771
PA,2023,37.39,94.43,18503.0,3.06,2.54,82.7,48.4,8387422.0,5288656.0,2.206
PB,2014,69.84,313.92,11294.0,3.31,0.31,66.8,19.3,3943885.0,2873449.0,28.637
PB,2015,70.34,30.97,9483.0,3.26,0.31,65.7,24.7,3972202.0,2952802.0,23.873
PB,2016,70.83,304.16,10830.0,0.32,0.03,61.5,2.8,3999415.0,2935630.0,27.079
PB,2017,71.29,306.73,7607.0,3.15,2.95,64.2,26.3,4025558.0,2959029.0,18.897
PB,2018,70.77,317.83,7281.0,3.05,2.85,63.9,25.7,3996496.0,2937945.0,18.218
PB,2019,71.16,324.14,5827.0,3.06,2.95,64.8,2.5,4018127.0,3046153.0,14.502
PB,2020,71.53,318.96,3297.0,3.17,0.31,61.8,1.7,4039277.0,2981211.0,8.162
PB,2021,7.19,346.62,3103.0,3.15,4.07,61.1,23.9,4059905.0,2984785.0,7.643
PB,2022,70.39,349.52,4481.0,0.29,,0.1,25.2,3974687.0,,11.274
PB,2023,76.86,283.52,3509.0,2.76,2.58,63.7,28.2,4058836.0,2956510.0,8.645
PE,2014,9.46,287.44,11965.0,3.24,3.14,78.3,25.5,9277727.0,7404360.0,12.896
PE,2015,95.28,29.85,10201.0,3.17,3.07,79.2,23.9,9345173.0,7459248.0,10.916
PE,2016,95.95,266.12,11249.0,3.11,2.98,7.3,22.3,9410336.0,7477191.0,11.954
PE,2017,96.59,250.38,8913.0,3.04,2.91,72.3,20.9,9473266.0,7528327.0,9.409
PE,2018,96.83,24.88,7917.0,2.96,2.83,72.5,19.5,9496294.0,7538379.0,8.337
PE,2019,97.45,2.58,9705.0,2.91,2.78,71.7,18.9,9557071.0,7669971.0,10.155
PE,2020,98.05,251.84,5049.0,3.03,3.58,69.2,18.3,9616621.0,7645563.0,0.525
PE,2021,98.65,261.06,5829.0,3.01,3.54,69.2,16.4,9674793.0,7683470.0,6.025
PE,2022,92.37,284.44,5667.0,2.84,,0.1,14.3,9058931.0,,6.256
PE,2023,164.62,258.28,5748.0,2.64,0.24,70.5,27.3,9295622.0,7202850.0,6.184
PI,2014,1.27,229.01,18597.0,0.34,3.21,92.1,32.1,3194718.0,2027383.0,58.212
PI,2015,12.73,230.06,14814.0,3.32,3.13,90.5,23.5,3204028.0,2025324.0,46.236
PI,2016,12.77,216.06,15546.0,3.25,3.06,88.4,22.1,3212180.0,2033439.0,48.397
PI,2017,12.79,207.53,12033.0,3.17,2.99,89.8,23.7,3219257.0,2033500.0,37.378
PI,2018,12.97,197.18,9996.0,3.14,2.96,85.6,24.1,3264531.0,2064448.0,3.062
PI,2019,13.01,233.65,9702.0,3.18,3.18,83.2,22.9,3273227.0,2157792.0,2.964
PI,2020,13.04,232.93,5679.0,3.18,3.11,82.3,20.5,3281480.0,2107565.0,17.306
PI,2021,13.07,253.66,6250.0,3.19,4.54,81.7,21.7,3289290.0,2118187.0,19.001
PI,2022,0.13,274.11,7126.0,3.05,,0.1,29.7,3271199.0,,21.784
PI,2023,10.01,198.74,5671.0,2.96,2.75,6.4,32.1,3322964.0,2118185.0,17.066
PR,2014,5.56,5.68,17407.0,3.04,2.97,39.6,0.8,11081692.0,9407661.0,15.708
PR,2015,56.01,586.94,15969.0,2.99,2.91,34.5,7.2,11163018.0,9459054.0,14.305
PR,2016,56.41,581.34,16361.0,2.94,2.85,32.1,6.7,11242720.0,9531126.0,14.553
PR,2017,5.68,577.02,12354.0,2.89,2.79,30.5,6.3,11320892.0,9581656.0,10.913
PR,2018,56.94,576.49,10871.0,2.83,2.74,28.6,5.6,11348937.0,9657404.0,9.579
PR,2019,57.37,630.59,12217.0,2.83,2.76,26.6,5.3,11433957.0,9819657.0,10.685
PR,2020,57.78,613.02,14221.0,2.91,3.33,25.6,4.7,11516840.0,9918033.0,12.348
PR,2021,58.19,630.76,6528.0,2.89,3.29,24.5,4.3,11597484.0,9993399.0,5.629
PR,2022,57.42,652.73,10913.0,2.72,,0.0,3.7,11444380.0,,9.536
PR,2023,46.86,609.29,12406.0,2.73,2.61,27.1,12.5,11632650.0,9910156.0,10.665
RJ,2014,375.98,802.73,6477.0,2.86,2.84,35.8,10.7,16461173.0,15881308.0,3.935
RJ,2015,378.01,744.21,7008.0,0.28,2.79,35.5,7.9,16550024.0,15947777.0,4.234
RJ,2016,379.98,660.38,6539.0,2.75,2.74,33.9,7.6,16635996.0,16033224.0,3.931
RJ,2017,381.87,655.66,3850.0,0.27,2.68,34.2,7.5,16718956.0,16084849.0,2.303
RJ,2018,391.94,634.36,4359.0,2.71,2.69,34.7,9.5,17159960.0,16527120.0,0.254
RJ,2019,394.34,67.79,4911.0,2.66,2.63,35.6,9.3,17264943.0,16688483.0,2.844
RJ,2020,396.66,630.52,3652.0,2.72,2.78,3.3,9.5,17366189.0,16670292.0,2.103
RJ,2021,398.87,712.89,3487.0,2.75,2.82,32.2,9.3,17463349.0,16850524.0,1.997
RJ,2022,366.71,949.45,5964.0,2.61,,0.0,10.9,16055174.0,,3.715
RJ,2023,360.77,732.15,7414.0,2.47,2.39,40.2,11.2,16626981.0,15653162.0,4.459
RN,2014,64.54,321.38,7501.0,3.36,3.26,78.3,17.3,3408510.0,2613635.0,22.007
RN,2015,65.18,326.89,5931.0,0.33,3.24,77.5,20.5,3442175.0,2671845.0,1.723
RN,2016,6.58,302.17,7181.0,3.24,3.16,76.5,20.8,3474998.0,2678787.0,20.665
RN,2017,66.41,29.18,4053.0,3.17,3.11,76.6,22.1,3507003.0,2718552.0,11.557
RN,2018,65.88,303.87,4286.0,3.06,2.96,76.2,12.9,3479010.0,2663836.0,1.232
RN,2019,6.64,302.43,3534.0,3.06,2.99,7.4,16.3,3506853.0,2743424.0,10.077
RN,2020,66.92,304.51,1812.0,3.12,3.04,73.9,14.5,3534165.0,2720776.0,5.127
RN,2021,67.43,30.62,1325.0,2.95,3.55,7.2,15.1,3560903.0,2739313.0,3.721
RN,2022,62.54,321.33,2561.0,2.89,,0.1,21.6,3302729.0,,7.754
RN,2023,22.66,272.32,1845.0,2.69,2.46,74.2,25.9,3373553.0,2542810.0,5.469
RO,2014,7.35,206.93,6719.0,3.28,3.11,96.5,5.9,1748531.0,1253146.0,38.427
RO,2015,7.44,187.39,5342.0,0.32,3.01,9.6,55.8,1768204.0,1268873.0,30.211
RO,2016,7.52,164.21,5417.0,3.11,2.98,95.9,59.3,1787279.0,1309638.0,30.309
RO,2017,7.59,138.51,4224.0,3.03,2.89,95.5,52.3,1805788.0,1328206.0,23.391
RO,2018,7.39,142.22,4107.0,2.84,0.27,95.1,50.6,1757589.0,1292114.0,23.367
RO,2019,7.47,151.28,4081.0,0.03,2.92,94.1,53.1,1777225.0,1330800.0,22.963
RO,2020,7.56,145.54,2566.0,3.01,2.88,93.3,52.6,1796460.0,1339996.0,14.284
RO,2021,7.63,1.54,2686.0,3.02,0.37,93.9,5.4,1815278.0,1352845.0,14.797
RO,2022,6.65,177.11,4716.0,2.85,,0.1,44.1,1581196.0,,29.826
RO,2023,0.02,123.25,4584.0,2.41,2.15,88.3,48.1,1661549.0,1193713.0,27.589
RR,2014,2.22,235.76,1190.0,0.39,3.63,71.7,20.1,496936.0,381016.0,23.947
RR,2015,2.25,253.36,887.0,3.88,3.58,61.9,0.2,505665.0,387841.0,17.541
RR,2016,2.29,241.95,1038.0,3.85,3.53,61.6,19.3,514229.0,394535.0,20.186
RR,2017,2.33,242.74,969.0,3.83,3.48,58.2,19.2,522636.0,401110.0,18.541
RR,2018,2.57,236.03,1148.0,4.13,3.77,48.3,18.5,576568.0,447714.0,19.911
RR,2019,0.27,235.04,1350.0,3.95,3.76,39.7,18.3,605761.0,473160.0,22.286
RR,2020,2.81,228.39,787.0,4.03,0.38,36.7,18.1,631181.0,495130.0,12.469
RR,2021,2.91,225.03,849.0,3.91,4.72,3.4,1.8,652713.0,513514.0,13.007
RR,2022,2.84,231.96,1054.0,3.59,,0.0,20.6,636707.0,,16.554
RR,2023,0.43,232.65,976.0,0.38,0.33,33.7,34.7,675535.0,496443.0,14.448
RS,2014,39.78,580.04,12150.0,2.85,2.79,71.4,14.9,11207274.0,9480768.0,10.841
RS,2015,39.92,590.98,10862.0,0.28,2.73,70.6,12.8,11247972.0,9513303.0,9.657
RS,2016,40.06,534.46,10291.0,2.75,2.69,69.8,13.9,11286500.0,9566801.0,9.118
RS,2017,40.19,523.63,8573.0,0.27,2.63,68.9,13.9,11322895.0,9612991.0,7.571
RS,2018,40.21,505.97,7923.0,2.64,2.58,67.9,13.6,11329605.0,9643439.0,6.993
RS,2019,40.38,546.76,8129.0,2.62,2.57,67.7,13.3,11377239.0,9736604.0,7.145
RS,2020,40.54,528.12,4814.0,2.67,3.04,66.5,13.3,11422973.0,9759892.0,4.214
RS,2021,4.07,555.41,4592.0,2.66,3.05,65.9,13.1,11466630.0,9791073.0,4.005
RS,2022,38.63,622.64,7321.0,2.56,,0.1,12.3,10882965.0,,6.727
RS,2023,115.47,483.23,6482.0,2.48,2.41,60.9,13.6,11054995.0,9358728.0,5.863
SC,2014,70.27,521.77,7076.0,2.99,2.87,82.7,12.1,6727148.0,5518342.0,10.519
SC,2015,71.23,514.92,7414.0,2.94,2.85,80.6,13.2,6819190.0,5645767.0,10.872
SC,2016,72.18,491.95,8629.0,2.89,2.85,79.1,12.3,6910553.0,5816186.0,12.487
SC,2017,73.13,480.21,7751.0,2.84,2.77,7.7,11.7,7001161.0,5843771.0,11.071
SC,2018,7.39,476.42,7533.0,2.78,2.75,76.3,10.9,7075494.0,5982975.0,10.647
SC,2019,74.84,494.87,7413.0,0.28,2.75,74.7,0.1,7164788.0,6086018.0,10.346
SC,2020,75.75,491.67,3841.0,2.83,3.28,73.9,9.6,7252502.0,6163398.0,5.296
SC,2021,76.65,504.13,2962.0,2.81,3.27,72.3,9.1,7338473.0,6251281.0,4.036
SC,2022,79.49,53.28,5703.0,2.71,,0.1,10.4,7610361.0,,7.494
SC,2023,39.29,400.81,6646.0,2.88,2.73,6.6,10.4,7830668.0,6540667.0,8.487
SE,2014,101.27,389.01,1766.0,3.21,3.13,84.2,14.9,2219574.0,1638694.0,7.956
SE,2015,102.33,397.78,1431.0,3.12,3.04,81.6,15.7,2242937.0,1657491.0,0.638
SE,2016,103.37,397.56,1318.0,3.03,2.95,7.7,13.6,2265779.0,1675875.0,5.817
SE,2017,104.39,379.64,1805.0,2.95,2.86,7.7,14.7,2288116.0,1693853.0,7.889
SE,2018,103.94,379.93,1317.0,2.83,2.73,74.5,13.1,2278308.0,1687628.0,5.781
SE,2019,104.87,414.68,2829.0,2.91,2.75,7.9,1.4,2298696.0,1704001.0,12.307
SE,2020,105.79,371.36,936.0,3.04,3.85,75.7,18.6,2318822.0,1720294.0,4.037
SE,2021,106.69,401.51,852.0,0.03,3.85,69.5,10.9,2338474.0,1736205.0,3.643
SE,2022,100.83,4.36,1562.0,2.82,,0.1,8.4,2210004.0,,7.068
SE,2023,80.79,292.69,1308.0,2.63,2.44,65.8,8.6,2249884.0,1654067.0,5.814
SP,2014,17.74,666.19,25907.0,3.09,3.06,1.2,4.2,44035304.0,41935126.0,5.883
SP,2015,178.86,623.87,33312.0,3.03,0.03,11.6,4.4,44396484.0,42247247.0,7.503
SP,2016,180.28,637.41,23128.0,2.98,2.96,11.2,4.2,44749699.0,42756931.0,5.168
SP,2017,181.67,628.86,16944.0,2.92,0.29,10.3,3.8,45094866.0,42982604.0,3.757
SP,2018,183.46,655.97,16873.0,2.88,2.85,10.2,3.8,45538936.0,43460950.0,3.705
SP,2019,184.99,638.22,26059.0,2.85,2.84,9.7,3.8,45919049.0,44064368.0,5.675
SP,2020,186.49,620.72,14126.0,0.29,3.02,9.4,3.5,46289333.0,44355680.0,3.052
SP,2021,187.93,624.86,9842.0,2.86,2.97,7.8,3.4,46649132.0,44696150.0,0.211
SP,2022,178.92,710.51,16365.0,2.74,,0.0,4.9,44411238.0,,3.685
SP,2023,1032.06,704.62,17415.0,2.59,2.54,8.5,0.4,45185130.0,42897042.0,3.854
TO,2014,5.39,414.68,3791.0,3.28,3.36,81.8,22.9,1496880.0,1232885.0,25.326
TO,2015,5.46,450.05,2352.0,3.22,3.27,7.8,16.6,1515126.0,1245386.0,15.523
TO,2016,5.52,457.07,2661.0,3.15,3.26,78.3,17.7,1532902.0,1285494.0,17.359
TO,2017,5.58,452.08,2057.0,3.08,3.13,74.1,19.4,1550194.0,1280962.0,13.269
TO,2018,0.56,460.43,1823.0,2.99,3.15,73.6,20.7,1555229.0,1333359.0,11.722
TO,2019,5.66,445.17,2125.0,2.99,2.88,70.5,16.5,1572866.0,1252038.0,1.351
TO,2020,5.73,467.07,1100.0,3.12,3.43,73.1,2.1,1590248.0,1427874.0,6.917
TO,2021,5.79,486.64,1231.0,3.08,4.38,70.9,20.4,1607363.0,1455927.0,7.659
TO,2022,5.44,567.44,1802.0,2.94,,0.1,5.9,1511460.0,,11.922
TO,2023,10.81,408.26,946.0,2.77,2.32,58.9,14.8,1543971.0,1103082.0,6.127
